match_date,league,home_team,away_team,home_goals,away_goals,home_xg,away_xg,home_injury_impact,away_injury_impact,home_motivation,away_motivation,home_rest_days,away_rest_days,result
2022-08-01,Turkish Super Lig,Trabzonspor,Besiktas,2,0,1.17,0.55,0.34,1.45,0.48,0.61,3,2,H
2022-08-08,Turkish Super Lig,Trabzonspor,Fenerbahce,2,2,2.96,1.66,1.07,0.71,0.45,0.74,7,3,D
2022-08-15,Turkish Super Lig,Galatasaray,Besiktas,2,1,2.89,0.64,1.4,0.59,0.59,0.2,3,7,H
2022-08-22,Turkish Super Lig,Besiktas,Fenerbahce,1,1,0.95,0.69,0.99,1.68,0.08,0.25,3,6,D
2022-08-29,Turkish Super Lig,Besiktas,Galatasaray,2,2,1.36,2.88,0.7,1.72,0.85,0.0,3,2,D
2022-09-05,Turkish Super Lig,Trabzonspor,Fenerbahce,2,1,3.06,1.57,1.4,0.49,0.09,0.33,5,2,H
2022-09-12,Turkish Super Lig,Fenerbahce,Galatasaray,1,1,0.62,1.35,1.23,0.34,0.51,0.99,3,5,D
2022-09-19,Turkish Super Lig,Trabzonspor,Galatasaray,0,3,1.5,3.2,1.75,1.07,1.0,0.02,3,5,A
2022-09-26,Turkish Super Lig,Galatasaray,Trabzonspor,2,0,2.25,1.23,0.59,0.53,0.07,0.09,6,7,H
2022-10-03,Turkish Super Lig,Fenerbahce,Galatasaray,0,0,0.1,0.64,0.87,1.03,0.87,0.18,3,4,D
2022-10-10,Turkish Super Lig,Fenerbahce,Besiktas,1,1,1.21,0.1,0.35,1.71,0.88,0.6,5,2,D
2022-10-17,Turkish Super Lig,Galatasaray,Trabzonspor,4,1,4.37,2.13,0.46,1.48,0.6,0.29,3,7,H
2022-10-24,Turkish Super Lig,Galatasaray,Trabzonspor,2,2,2.8,1.54,0.5,1.65,0.2,0.02,4,5,D
2022-10-31,Turkish Super Lig,Trabzonspor,Galatasaray,1,1,0.77,1.77,0.24,0.65,0.89,0.98,7,7,D
2022-11-07,Turkish Super Lig,Fenerbahce,Besiktas,1,1,2.09,0.7,1.73,0.04,0.64,0.48,7,4,D
2022-11-14,Turkish Super Lig,Besiktas,Galatasaray,1,1,0.36,0.92,1.62,1.33,0.7,0.79,4,4,D
2022-11-21,Turkish Super Lig,Galatasaray,Besiktas,1,1,2.2,0.1,0.05,0.9,0.01,0.66,5,6,D
2022-11-28,Turkish Super Lig,Galatasaray,Besiktas,2,1,2.65,1.51,0.75,0.59,0.93,0.69,5,5,H
2022-12-05,Turkish Super Lig,Trabzonspor,Besiktas,2,2,3.1,2.35,0.87,0.41,0.7,0.5,6,7,D
2022-12-12,Turkish Super Lig,Trabzonspor,Fenerbahce,2,0,2.81,0.85,0.93,1.36,0.34,0.93,5,3,H
2022-12-19,Turkish Super Lig,Besiktas,Fenerbahce,1,0,0.31,0.66,1.65,1.58,0.38,0.58,4,3,H
2022-12-26,Turkish Super Lig,Fenerbahce,Galatasaray,0,1,0.85,0.43,1.71,0.5,0.17,0.45,4,3,A
2023-01-02,Turkish Super Lig,Trabzonspor,Fenerbahce,0,0,0.1,1.25,1.77,0.81,0.07,0.03,6,2,D
2023-01-09,Turkish Super Lig,Besiktas,Trabzonspor,0,2,0.1,1.86,0.73,0.34,0.77,0.27,3,2,A
2023-01-16,Turkish Super Lig,Galatasaray,Fenerbahce,2,1,1.93,0.76,0.14,0.36,0.82,0.26,7,2,H
2023-01-23,Turkish Super Lig,Trabzonspor,Besiktas,1,0,1.22,0.75,1.26,0.94,0.61,0.76,5,7,H
2023-01-30,Turkish Super Lig,Fenerbahce,Galatasaray,0,2,0.1,2.62,0.35,1.6,0.01,0.55,7,6,A
2023-02-06,Turkish Super Lig,Besiktas,Fenerbahce,0,3,1.28,3.9,1.44,1.66,0.12,0.24,5,2,A
2023-02-13,Turkish Super Lig,Besiktas,Trabzonspor,4,0,4.23,1.15,0.03,0.91,0.04,0.34,5,4,H
2023-02-20,Turkish Super Lig,Trabzonspor,Galatasaray,1,3,1.16,3.27,0.96,1.24,0.92,0.47,6,7,A
2023-02-27,Turkish Super Lig,Trabzonspor,Fenerbahce,0,0,0.33,0.1,1.01,1.5,0.56,0.16,6,6,D
2023-03-06,Turkish Super Lig,Besiktas,Fenerbahce,0,0,0.86,0.1,0.55,0.25,0.54,0.27,5,3,D
2023-03-13,Turkish Super Lig,Trabzonspor,Besiktas,1,1,0.77,1.72,0.08,1.65,0.54,0.99,2,5,D
2023-03-20,Turkish Super Lig,Galatasaray,Besiktas,3,2,1.99,2.54,1.44,0.73,0.25,0.49,4,5,H
2023-03-27,Turkish Super Lig,Trabzonspor,Besiktas,1,1,0.29,0.28,0.23,1.4,0.02,0.19,3,2,D
2023-04-03,Turkish Super Lig,Besiktas,Fenerbahce,1,0,0.59,0.21,1.05,1.53,0.62,0.72,7,6,H
2023-04-10,Turkish Super Lig,Trabzonspor,Galatasaray,0,2,0.1,2.14,0.37,1.14,0.64,0.53,6,6,A
2023-04-17,Turkish Super Lig,Fenerbahce,Galatasaray,2,0,2.08,0.51,1.09,1.6,0.19,0.78,3,2,H
2023-04-24,Turkish Super Lig,Fenerbahce,Galatasaray,1,1,0.81,1.62,1.69,0.98,0.7,0.2,7,7,D
2023-05-01,Turkish Super Lig,Galatasaray,Trabzonspor,2,2,3.64,1.37,0.21,0.91,0.76,0.5,7,3,D
2023-05-08,Turkish Super Lig,Galatasaray,Fenerbahce,1,1,0.62,0.97,1.02,0.26,0.18,0.2,3,4,D
2023-05-15,Turkish Super Lig,Galatasaray,Besiktas,4,1,3.31,1.44,0.59,0.84,0.52,0.43,6,4,H
2023-05-22,Turkish Super Lig,Galatasaray,Besiktas,1,0,1.58,0.8,1.33,0.73,0.2,0.17,6,2,H
2023-05-29,Turkish Super Lig,Besiktas,Galatasaray,1,0,1.84,0.1,0.73,1.08,0.5,0.98,4,4,H
2023-06-05,Turkish Super Lig,Galatasaray,Besiktas,1,0,1.59,0.1,0.59,0.97,0.37,0.43,3,5,H
2023-06-12,Turkish Super Lig,Fenerbahce,Besiktas,2,2,2.21,2.46,1.6,1.78,0.9,0.05,4,7,D
2023-06-19,Turkish Super Lig,Besiktas,Fenerbahce,1,2,1.4,2.42,0.93,0.9,0.21,0.12,5,6,A
2023-06-26,Turkish Super Lig,Galatasaray,Trabzonspor,0,0,0.27,0.81,0.09,0.35,0.38,0.1,4,4,D
2023-07-03,Turkish Super Lig,Besiktas,Trabzonspor,0,0,0.1,0.1,0.18,0.8,0.64,0.55,7,2,D
2023-07-10,Turkish Super Lig,Trabzonspor,Galatasaray,0,3,0.76,2.61,1.07,0.77,0.49,0.28,5,6,A
2023-07-17,Turkish Super Lig,Besiktas,Fenerbahce,0,1,0.13,2.57,1.19,1.35,0.03,0.77,6,2,A
2023-07-24,Turkish Super Lig,Fenerbahce,Trabzonspor,1,0,2.1,0.1,0.09,1.78,0.94,0.07,3,5,H
2023-07-31,Turkish Super Lig,Trabzonspor,Fenerbahce,2,1,0.9,0.99,1.3,0.84,0.98,0.82,6,7,H
2023-08-07,Turkish Super Lig,Galatasaray,Trabzonspor,1,0,1.36,0.39,0.95,0.22,0.44,0.67,5,6,H
2023-08-14,Turkish Super Lig,Besiktas,Trabzonspor,0,0,0.43,0.1,1.8,1.71,0.73,0.24,2,6,D
2023-08-21,Turkish Super Lig,Besiktas,Trabzonspor,1,0,1.18,1.1,1.02,1.07,0.63,0.75,3,3,H
2023-08-28,Turkish Super Lig,Fenerbahce,Besiktas,2,1,2.22,1.83,1.12,0.18,0.54,0.07,2,7,H
2023-09-04,Turkish Super Lig,Fenerbahce,Besiktas,2,3,1.74,3.26,0.61,0.89,0.13,0.87,2,5,A
2023-09-11,Turkish Super Lig,Fenerbahce,Trabzonspor,1,1,1.51,0.66,1.18,1.78,0.33,0.55,7,3,D
2023-09-18,Turkish Super Lig,Trabzonspor,Besiktas,1,1,1.47,1.03,0.15,1.02,0.48,0.69,4,2,D
2023-09-25,Turkish Super Lig,Galatasaray,Fenerbahce,2,2,2.74,2.45,1.3,1.25,0.28,0.14,4,7,D
2023-10-02,Turkish Super Lig,Besiktas,Fenerbahce,2,0,1.55,0.49,1.62,1.24,0.28,0.53,4,5,H
2023-10-09,Turkish Super Lig,Besiktas,Galatasaray,0,2,0.66,1.92,0.65,0.66,0.36,0.4,5,3,A
2023-10-16,Turkish Super Lig,Besiktas,Fenerbahce,0,0,0.1,0.1,1.37,1.59,0.28,0.02,6,2,D
2023-10-23,Turkish Super Lig,Fenerbahce,Besiktas,1,1,1.64,0.67,1.05,0.55,0.55,0.33,4,7,D
2023-10-30,Turkish Super Lig,Galatasaray,Fenerbahce,2,1,2.91,1.98,1.17,0.44,0.22,0.77,6,4,H
2023-11-06,Turkish Super Lig,Trabzonspor,Fenerbahce,0,2,0.14,2.48,0.88,1.45,0.07,0.62,2,5,A
2023-11-13,Turkish Super Lig,Besiktas,Galatasaray,1,0,2.45,0.1,1.15,0.94,0.71,0.8,5,5,H
2023-11-20,Turkish Super Lig,Fenerbahce,Galatasaray,1,0,1.04,0.46,0.37,0.76,0.29,0.97,2,5,H
2023-11-27,Turkish Super Lig,Besiktas,Trabzonspor,2,1,2.36,0.83,0.11,0.83,0.58,0.91,2,4,H
2023-12-04,Turkish Super Lig,Galatasaray,Trabzonspor,2,1,2.39,2.15,1.07,0.4,0.18,0.28,3,4,H
2023-12-11,Turkish Super Lig,Trabzonspor,Fenerbahce,0,1,1.15,0.96,1.39,0.17,0.86,0.4,3,3,A
2023-12-18,Turkish Super Lig,Trabzonspor,Besiktas,1,0,1.35,0.1,1.66,1.61,0.87,0.91,5,3,H
2023-12-25,Turkish Super Lig,Trabzonspor,Besiktas,2,0,2.35,0.1,1.63,1.46,0.13,0.74,6,4,H
2024-01-01,Turkish Super Lig,Galatasaray,Trabzonspor,1,0,1.68,1.48,0.27,0.23,0.35,0.61,6,2,H
2024-01-08,Turkish Super Lig,Trabzonspor,Besiktas,0,1,0.1,0.59,0.55,1.42,0.42,0.92,2,5,A
2024-01-15,Turkish Super Lig,Fenerbahce,Galatasaray,0,1,0.92,2.15,0.56,0.56,0.08,0.31,5,7,A
2024-01-22,Turkish Super Lig,Galatasaray,Fenerbahce,2,1,1.85,0.42,1.34,1.41,0.12,0.45,5,7,H
2024-01-29,Turkish Super Lig,Trabzonspor,Galatasaray,1,1,1.46,0.1,1.52,1.29,0.9,0.15,7,5,D
2024-02-05,Turkish Super Lig,Besiktas,Fenerbahce,1,0,1.63,0.4,0.68,0.2,0.31,0.27,5,7,H
2024-02-12,Turkish Super Lig,Besiktas,Fenerbahce,1,0,1.47,0.41,1.22,1.27,0.18,0.4,5,6,H
2024-02-19,Turkish Super Lig,Galatasaray,Trabzonspor,2,1,2.74,1.63,0.13,1.66,0.43,0.51,7,3,H
2024-02-26,Turkish Super Lig,Fenerbahce,Besiktas,1,1,1.21,1.26,0.72,1.26,0.98,0.79,7,6,D
2024-03-04,Turkish Super Lig,Galatasaray,Fenerbahce,1,1,1.13,0.97,0.68,0.92,0.79,0.83,6,7,D
2024-03-11,Turkish Super Lig,Fenerbahce,Trabzonspor,2,0,1.77,0.1,0.9,0.26,0.71,0.99,6,7,H
2024-03-18,Turkish Super Lig,Fenerbahce,Besiktas,3,0,3.38,0.44,0.44,1.04,0.7,0.33,4,4,H
2024-03-25,Turkish Super Lig,Trabzonspor,Galatasaray,0,1,0.36,1.98,0.98,0.11,0.92,0.17,7,4,A
2024-04-01,Turkish Super Lig,Fenerbahce,Galatasaray,1,1,1.07,0.68,1.36,0.65,0.17,0.6,2,5,D
2024-04-08,Turkish Super Lig,Galatasaray,Fenerbahce,3,3,4.12,2.87,0.55,1.21,0.74,0.38,6,7,D
2024-04-15,Turkish Super Lig,Galatasaray,Trabzonspor,2,1,2.67,1.66,1.03,0.31,0.52,0.26,6,4,H
2022-08-01,Premier League,Arsenal,Man City,2,0,2.44,0.1,0.9,0.18,0.35,0.9,7,6,H
2022-08-08,Premier League,Chelsea,Liverpool,0,1,0.92,0.2,0.74,0.78,0.57,0.91,6,4,A
2022-08-15,Premier League,Chelsea,Liverpool,2,0,3.21,0.53,1.62,1.32,0.6,0.75,4,6,H
2022-08-22,Premier League,Arsenal,Chelsea,2,1,1.7,1.19,0.09,1.25,0.53,0.24,4,7,H
2022-08-29,Premier League,Chelsea,Arsenal,3,0,3.15,0.1,0.66,0.98,0.56,0.16,7,7,H
2022-09-05,Premier League,Chelsea,Man City,1,1,0.99,1.16,1.59,1.04,0.45,0.3,7,4,D
2022-09-12,Premier League,Arsenal,Liverpool,2,1,1.6,1.43,0.25,1.25,0.23,0.31,5,4,H
2022-09-19,Premier League,Man City,Liverpool,0,1,0.97,1.1,0.37,0.53,0.92,0.9,3,4,A
2022-09-26,Premier League,Man City,Liverpool,2,1,2.05,0.47,0.96,0.43,0.95,0.98,7,2,H
2022-10-03,Premier League,Man City,Chelsea,2,0,2.21,0.82,1.58,0.6,0.96,0.78,5,2,H
2022-10-10,Premier League,Liverpool,Arsenal,1,0,1.13,0.1,1.3,0.9,0.3,0.27,7,6,H
2022-10-17,Premier League,Arsenal,Man City,0,0,0.6,0.1,0.41,0.24,0.67,0.46,2,5,D
2022-10-24,Premier League,Arsenal,Man City,1,0,0.66,0.1,0.76,1.02,0.16,0.99,3,3,H
2022-10-31,Premier League,Liverpool,Chelsea,1,0,1.39,0.1,1.62,1.12,0.92,0.58,2,5,H
2022-11-07,Premier League,Arsenal,Chelsea,3,1,3.75,0.92,0.87,0.06,0.29,0.83,7,7,H
2022-11-14,Premier League,Liverpool,Man City,1,0,0.96,0.1,0.79,1.39,0.79,0.79,3,4,H
2022-11-21,Premier League,Chelsea,Man City,1,2,1.14,2.2,1.07,1.29,0.57,0.87,3,4,A
2022-11-28,Premier League,Liverpool,Man City,2,1,1.71,1.46,0.47,1.44,0.07,0.91,6,7,H
2022-12-05,Premier League,Liverpool,Man City,2,1,2.8,1.34,1.12,0.95,0.26,0.59,2,7,H
2022-12-12,Premier League,Liverpool,Chelsea,1,1,0.89,0.15,1.42,0.11,0.41,0.36,3,7,D
2022-12-19,Premier League,Arsenal,Chelsea,0,1,0.63,1.17,0.82,1.34,0.04,0.24,6,3,A
2022-12-26,Premier League,Arsenal,Liverpool,0,0,1.77,0.1,1.22,1.29,0.98,0.61,4,4,D
2023-01-02,Premier League,Arsenal,Man City,2,0,2.67,0.42,0.56,1.7,0.92,0.22,3,5,H
2023-01-09,Premier League,Arsenal,Man City,1,2,1.83,1.6,1.6,0.83,0.39,0.84,5,5,A
2023-01-16,Premier League,Arsenal,Chelsea,1,1,1.59,0.16,0.86,0.72,0.59,0.76,5,5,D
2023-01-23,Premier League,Chelsea,Man City,0,0,0.47,0.77,0.13,1.24,0.36,0.27,2,6,D
2023-01-30,Premier League,Liverpool,Man City,1,1,2.14,0.76,0.48,0.65,0.15,0.94,4,3,D
2023-02-06,Premier League,Liverpool,Man City,2,0,3.45,0.19,0.81,1.54,0.38,0.26,6,7,H
2023-02-13,Premier League,Arsenal,Liverpool,1,1,1.63,1.29,1.07,0.06,0.31,0.42,6,7,D
2023-02-20,Premier League,Liverpool,Man City,1,0,1.16,0.1,0.26,0.37,0.28,0.71,5,3,H
2023-02-27,Premier League,Chelsea,Man City,1,0,1.16,0.73,0.39,0.07,0.02,0.63,6,2,H
2023-03-06,Premier League,Man City,Chelsea,0,0,0.49,1.1,1.2,1.72,0.87,0.23,7,4,D
2023-03-13,Premier League,Arsenal,Liverpool,2,1,0.92,1.29,0.51,1.27,0.22,0.93,3,5,H
2023-03-20,Premier League,Liverpool,Chelsea,1,0,1.76,0.5,0.76,0.27,0.58,0.7,6,4,H
2023-03-27,Premier League,Arsenal,Liverpool,3,2,3.71,1.95,0.68,1.52,0.3,0.72,4,2,H
2023-04-03,Premier League,Arsenal,Chelsea,0,2,0.1,2.01,1.2,0.33,0.47,0.62,4,2,A
2023-04-10,Premier League,Liverpool,Arsenal,0,0,0.1,0.53,0.5,1.49,0.88,0.38,5,2,D
2023-04-17,Premier League,Liverpool,Man City,0,1,0.1,2.47,0.27,0.35,0.23,0.68,3,6,A
2023-04-24,Premier League,Arsenal,Man City,1,0,0.18,0.1,1.38,0.14,0.82,0.88,7,4,H
2023-05-01,Premier League,Man City,Liverpool,1,1,1.44,0.82,0.71,0.28,0.19,0.16,4,6,D
2023-05-08,Premier League,Chelsea,Man City,1,2,0.7,2.86,0.9,1.16,0.36,0.71,6,7,A
2023-05-15,Premier League,Liverpool,Arsenal,3,1,3.69,0.86,1.53,0.92,0.68,0.04,6,5,H
2023-05-22,Premier League,Chelsea,Arsenal,0,2,0.24,1.28,0.46,1.14,0.37,0.68,3,4,A
2023-05-29,Premier League,Liverpool,Man City,2,0,1.47,0.65,1.12,1.5,0.8,0.13,5,6,H
2023-06-05,Premier League,Man City,Arsenal,0,0,0.1,0.36,1.42,1.67,0.27,0.27,4,7,D
2023-06-12,Premier League,Chelsea,Liverpool,4,0,5.2,0.49,0.21,0.08,0.29,0.73,2,5,H
2023-06-19,Premier League,Man City,Arsenal,2,0,2.41,0.4,0.79,1.57,0.65,0.22,7,6,H
2023-06-26,Premier League,Chelsea,Arsenal,2,1,2.04,0.49,1.44,0.26,0.18,0.11,4,5,H
2023-07-03,Premier League,Chelsea,Arsenal,2,3,2.2,3.97,0.49,0.72,0.32,0.08,3,4,A
2023-07-10,Premier League,Man City,Chelsea,2,1,2.7,0.88,0.14,0.33,0.48,1.0,3,5,H
2023-07-17,Premier League,Chelsea,Arsenal,0,2,0.14,2.33,0.99,1.18,0.62,0.28,4,3,A
2023-07-24,Premier League,Chelsea,Man City,2,0,2.36,0.32,0.3,0.21,0.07,0.36,6,4,H
2023-07-31,Premier League,Arsenal,Man City,0,1,0.83,1.42,1.38,0.48,0.25,0.92,5,5,A
2023-08-07,Premier League,Man City,Chelsea,2,0,2.58,0.18,1.71,0.72,0.71,0.25,6,2,H
2023-08-14,Premier League,Arsenal,Man City,2,1,2.19,0.5,0.5,1.79,0.63,0.45,4,4,H
2023-08-21,Premier League,Arsenal,Man City,1,1,0.8,2.05,0.38,1.34,0.55,0.68,3,4,D
2023-08-28,Premier League,Arsenal,Chelsea,2,1,2.23,1.23,0.9,0.73,0.32,0.54,3,2,H
2023-09-04,Premier League,Liverpool,Chelsea,3,1,2.83,0.95,0.85,1.69,0.5,0.78,3,4,H
2023-09-11,Premier League,Arsenal,Man City,0,2,1.07,1.49,0.95,0.02,0.73,0.66,7,2,A
2023-09-18,Premier League,Liverpool,Man City,0,0,0.82,0.1,0.91,1.02,0.11,0.84,7,7,D
2023-09-25,Premier League,Chelsea,Liverpool,0,0,0.1,0.49,1.08,1.03,0.52,0.03,7,5,D
2023-10-02,Premier League,Chelsea,Liverpool,0,0,0.61,0.1,0.84,1.79,0.74,0.31,7,5,D
2023-10-09,Premier League,Chelsea,Arsenal,1,1,2.0,1.16,0.42,1.51,0.65,0.94,2,2,D
2023-10-16,Premier League,Man City,Liverpool,3,2,3.19,1.76,1.45,0.82,0.54,0.87,3,5,H
2023-10-23,Premier League,Man City,Chelsea,1,1,0.36,1.57,1.58,0.13,0.5,0.06,6,2,D
2023-10-30,Premier League,Liverpool,Chelsea,2,1,3.65,0.55,0.4,0.52,0.42,0.61,2,7,H
2023-11-06,Premier League,Chelsea,Liverpool,3,2,3.53,3.01,1.58,1.31,0.2,0.67,5,5,H
2023-11-13,Premier League,Arsenal,Liverpool,1,0,2.13,0.1,0.38,0.38,0.77,0.17,6,5,H
2023-11-20,Premier League,Arsenal,Chelsea,1,1,0.83,1.9,0.55,0.01,0.07,0.21,7,4,D
2023-11-27,Premier League,Man City,Liverpool,1,1,1.24,1.78,1.1,0.5,0.13,0.12,2,4,D
2023-12-04,Premier League,Chelsea,Arsenal,0,1,1.18,2.06,1.71,0.14,0.65,0.23,5,5,A
2023-12-11,Premier League,Liverpool,Man City,1,1,0.93,0.76,0.6,1.05,0.66,0.27,7,7,D
2023-12-18,Premier League,Arsenal,Man City,1,0,0.73,0.77,1.56,0.7,0.28,0.1,6,2,H
2023-12-25,Premier League,Arsenal,Liverpool,2,0,1.92,0.64,1.3,1.2,0.34,0.9,2,7,H
2024-01-01,Premier League,Liverpool,Chelsea,2,1,1.61,1.18,1.17,0.11,0.22,0.02,5,5,H
2024-01-08,Premier League,Liverpool,Man City,1,0,3.59,1.06,1.18,1.42,0.93,0.52,6,3,H
2024-01-15,Premier League,Chelsea,Liverpool,1,0,2.18,0.81,0.01,1.73,0.7,0.79,4,7,H
2024-01-22,Premier League,Chelsea,Arsenal,0,1,0.1,1.62,1.5,1.59,0.11,0.41,6,6,A
2024-01-29,Premier League,Arsenal,Chelsea,1,1,1.85,1.75,0.23,0.16,0.51,0.29,3,3,D
2024-02-05,Premier League,Chelsea,Liverpool,1,1,0.57,1.43,0.83,1.53,0.1,0.85,3,3,D
2024-02-12,Premier League,Liverpool,Chelsea,0,0,0.23,0.1,1.48,0.41,0.8,0.11,7,7,D
2024-02-19,Premier League,Chelsea,Arsenal,0,2,0.1,2.59,1.64,0.98,0.76,0.78,5,5,A
2024-02-26,Premier League,Man City,Arsenal,1,2,0.96,1.68,1.61,0.37,0.99,0.56,3,6,A
2024-03-04,Premier League,Arsenal,Liverpool,1,0,0.96,0.1,0.15,1.43,0.38,0.65,4,5,H
2024-03-11,Premier League,Arsenal,Chelsea,1,1,1.61,1.7,0.58,1.47,0.68,0.71,2,4,D
2024-03-18,Premier League,Man City,Liverpool,2,0,1.34,0.1,0.67,1.07,0.1,0.69,4,3,H
2024-03-25,Premier League,Man City,Chelsea,1,0,1.55,1.19,0.1,0.33,0.12,0.76,4,2,H
2024-04-01,Premier League,Arsenal,Chelsea,2,1,2.48,0.59,1.55,0.72,0.29,0.68,2,5,H
2024-04-08,Premier League,Liverpool,Chelsea,1,1,1.75,0.24,1.16,0.1,0.76,0.05,6,2,D
2024-04-15,Premier League,Liverpool,Chelsea,1,0,2.22,0.1,1.04,0.01,0.74,0.42,7,7,H
2022-08-01,La Liga,Real Madrid,Sevilla,2,0,2.31,0.1,0.81,0.79,0.12,0.32,7,7,H
2022-08-08,La Liga,Real Madrid,Sevilla,2,0,2.76,0.1,1.27,0.71,0.69,0.65,2,3,H
2022-08-15,La Liga,Real Madrid,Barcelona,1,1,1.63,1.09,0.49,0.73,0.9,0.93,3,7,D
2022-08-22,La Liga,Sevilla,Barcelona,0,2,0.1,2.15,0.99,1.54,0.77,0.32,2,4,A
2022-08-29,La Liga,Barcelona,Atletico Madrid,0,2,0.1,2.13,1.03,1.52,0.36,0.58,5,7,A
2022-09-05,La Liga,Sevilla,Barcelona,2,1,1.92,0.79,0.74,0.08,0.92,0.8,4,5,H
2022-09-12,La Liga,Barcelona,Atletico Madrid,2,3,2.65,3.35,0.74,0.96,0.39,0.12,3,6,A
2022-09-19,La Liga,Real Madrid,Atletico Madrid,1,2,2.21,2.4,1.02,0.99,0.33,0.15,4,4,A
2022-09-26,La Liga,Real Madrid,Sevilla,2,0,2.53,0.91,1.1,0.22,0.76,0.58,4,7,H
2022-10-03,La Liga,Atletico Madrid,Barcelona,2,2,2.59,1.43,1.5,1.77,0.11,0.36,3,6,D
2022-10-10,La Liga,Atletico Madrid,Sevilla,1,1,1.77,1.71,0.49,0.51,0.28,0.51,5,3,D
2022-10-17,La Liga,Barcelona,Atletico Madrid,3,1,3.82,2.05,1.26,1.06,0.64,0.31,5,4,H
2022-10-24,La Liga,Barcelona,Sevilla,0,1,0.11,0.1,0.91,1.02,0.35,0.23,6,2,A
2022-10-31,La Liga,Real Madrid,Barcelona,2,0,2.02,0.1,1.78,0.56,0.87,0.06,7,7,H
2022-11-07,La Liga,Real Madrid,Sevilla,3,1,4.21,1.1,1.54,1.41,0.52,0.08,6,7,H
2022-11-14,La Liga,Barcelona,Real Madrid,0,1,0.1,1.2,1.27,0.75,0.49,0.08,5,2,A
2022-11-21,La Liga,Real Madrid,Sevilla,2,0,2.39,0.67,0.27,0.97,0.87,0.15,5,2,H
2022-11-28,La Liga,Sevilla,Atletico Madrid,2,1,2.72,0.89,0.31,1.38,0.16,0.91,2,2,H
2022-12-05,La Liga,Atletico Madrid,Barcelona,1,1,2.41,1.43,1.24,0.94,0.58,0.76,2,2,D
2022-12-12,La Liga,Atletico Madrid,Real Madrid,1,1,0.95,1.47,0.63,0.39,0.39,0.9,3,4,D
2022-12-19,La Liga,Real Madrid,Atletico Madrid,0,2,0.1,2.13,1.17,1.68,0.41,0.2,3,4,A
2022-12-26,La Liga,Sevilla,Barcelona,1,3,1.66,4.03,1.1,1.07,0.57,0.57,2,3,A
2023-01-02,La Liga,Atletico Madrid,Real Madrid,2,1,2.27,0.8,0.06,0.45,0.09,0.68,6,3,H
2023-01-09,La Liga,Sevilla,Real Madrid,2,1,2.88,1.88,0.13,0.13,0.84,1.0,5,7,H
2023-01-16,La Liga,Barcelona,Sevilla,2,0,2.94,0.1,1.7,0.12,0.97,0.91,2,5,H
2023-01-23,La Liga,Real Madrid,Barcelona,2,0,2.42,0.39,0.29,0.89,0.23,0.32,3,3,H
2023-01-30,La Liga,Barcelona,Atletico Madrid,1,1,1.37,2.13,0.43,1.53,0.89,0.67,4,4,D
2023-02-06,La Liga,Real Madrid,Barcelona,2,2,3.26,2.1,1.22,0.22,0.32,0.58,4,6,D
2023-02-13,La Liga,Sevilla,Atletico Madrid,1,1,1.24,1.11,1.66,1.76,0.93,0.68,3,3,D
2023-02-20,La Liga,Atletico Madrid,Sevilla,0,0,0.73,0.1,0.83,1.09,0.85,0.47,3,3,D
2023-02-27,La Liga,Sevilla,Atletico Madrid,3,1,3.14,1.31,0.29,0.31,0.74,0.21,2,2,H
2023-03-06,La Liga,Barcelona,Sevilla,2,0,1.92,0.1,0.33,0.03,0.3,0.04,4,6,H
2023-03-13,La Liga,Atletico Madrid,Sevilla,0,1,0.1,1.71,1.59,1.05,0.42,0.54,5,4,A
2023-03-20,La Liga,Atletico Madrid,Barcelona,1,3,2.05,2.21,0.29,0.92,0.98,0.29,3,7,A
2023-03-27,La Liga,Atletico Madrid,Real Madrid,0,1,0.14,0.68,1.15,1.14,0.0,0.48,2,5,A
2023-04-03,La Liga,Sevilla,Atletico Madrid,2,1,2.21,1.98,1.14,0.83,0.09,0.5,5,2,H
2023-04-10,La Liga,Barcelona,Real Madrid,1,2,2.23,2.75,0.42,1.49,0.8,0.25,7,6,A
2023-04-17,La Liga,Real Madrid,Barcelona,1,1,2.37,1.72,0.27,0.57,0.67,0.5,3,7,D
2023-04-24,La Liga,Barcelona,Atletico Madrid,2,0,3.63,0.1,1.23,1.44,0.71,0.81,3,2,H
2023-05-01,La Liga,Sevilla,Barcelona,1,1,1.84,0.1,1.18,0.85,0.64,0.68,5,7,D
2023-05-08,La Liga,Real Madrid,Atletico Madrid,2,1,2.16,1.78,0.46,1.1,0.77,0.26,7,6,H
2023-05-15,La Liga,Barcelona,Atletico Madrid,1,0,1.99,0.1,1.41,1.57,0.57,0.94,7,5,H
2023-05-22,La Liga,Barcelona,Sevilla,1,0,1.83,0.1,1.76,0.42,0.62,0.12,3,6,H
2023-05-29,La Liga,Sevilla,Barcelona,0,1,0.77,1.28,1.39,0.19,0.33,0.05,2,4,A
2023-06-05,La Liga,Atletico Madrid,Barcelona,1,0,1.17,0.92,0.88,0.06,0.86,0.54,5,7,H
2023-06-12,La Liga,Barcelona,Sevilla,2,2,2.33,2.73,0.13,0.09,0.36,0.53,7,6,D
2023-06-19,La Liga,Sevilla,Real Madrid,0,1,0.1,1.45,0.22,0.78,0.69,0.76,6,7,A
2023-06-26,La Liga,Atletico Madrid,Sevilla,0,0,0.1,0.13,1.38,0.1,0.15,0.55,4,7,D
2023-07-03,La Liga,Atletico Madrid,Barcelona,1,0,1.12,0.1,0.78,0.19,0.47,0.95,2,6,H
2023-07-10,La Liga,Real Madrid,Sevilla,1,2,1.01,2.32,0.77,1.03,0.74,0.4,7,3,A
2023-07-17,La Liga,Sevilla,Real Madrid,2,2,2.32,2.98,0.72,0.69,0.74,0.73,6,2,D
2023-07-24,La Liga,Barcelona,Real Madrid,2,0,1.85,0.1,1.77,0.22,0.3,0.22,7,6,H
2023-07-31,La Liga,Sevilla,Atletico Madrid,0,2,0.25,3.26,1.27,0.81,0.37,0.44,5,5,A
2023-08-07,La Liga,Atletico Madrid,Real Madrid,0,0,0.1,1.17,0.82,0.85,0.88,0.45,5,7,D
2023-08-14,La Liga,Sevilla,Atletico Madrid,2,1,2.41,2.01,1.08,1.79,0.45,0.21,4,3,H
2023-08-21,La Liga,Real Madrid,Atletico Madrid,0,0,0.1,0.1,1.51,0.62,0.43,0.09,5,3,D
2023-08-28,La Liga,Sevilla,Barcelona,1,1,1.48,1.09,1.05,1.48,0.84,0.39,6,7,D
2023-09-04,La Liga,Atletico Madrid,Sevilla,0,1,0.26,2.11,0.73,0.28,0.03,0.75,6,4,A
2023-09-11,La Liga,Real Madrid,Barcelona,1,0,1.81,0.1,1.66,1.43,0.49,0.49,5,7,H
2023-09-18,La Liga,Barcelona,Real Madrid,0,0,0.1,0.1,1.03,1.72,0.35,0.76,2,2,D
2023-09-25,La Liga,Atletico Madrid,Sevilla,1,0,1.58,0.1,0.49,0.65,0.54,0.02,4,5,H
2023-10-02,La Liga,Sevilla,Real Madrid,1,0,1.72,0.1,0.37,0.05,0.91,0.64,2,7,H
2023-10-09,La Liga,Barcelona,Sevilla,2,1,1.53,0.76,0.52,0.6,0.62,0.36,4,4,H
2023-10-16,La Liga,Barcelona,Sevilla,1,0,2.22,0.1,0.51,0.91,0.36,0.55,6,6,H
2023-10-23,La Liga,Atletico Madrid,Real Madrid,0,0,0.6,0.1,0.32,0.33,0.59,0.76,5,4,D
2023-10-30,La Liga,Atletico Madrid,Real Madrid,1,0,1.72,0.1,0.11,0.89,0.67,0.85,7,2,H
2023-11-06,La Liga,Real Madrid,Sevilla,1,1,1.35,0.5,0.96,0.7,0.79,0.42,7,6,D
2023-11-13,La Liga,Barcelona,Atletico Madrid,1,2,1.12,1.7,0.84,0.52,0.56,0.36,4,2,A
2023-11-20,La Liga,Barcelona,Sevilla,1,1,0.89,1.67,0.31,0.31,0.16,0.1,7,6,D
2023-11-27,La Liga,Barcelona,Sevilla,0,0,1.05,0.1,0.8,1.29,0.24,0.82,4,6,D
2023-12-04,La Liga,Atletico Madrid,Barcelona,0,1,1.38,1.18,1.52,0.51,0.3,0.39,7,2,A
2023-12-11,La Liga,Sevilla,Barcelona,0,1,0.98,0.84,0.83,0.67,0.94,0.09,6,6,A
2023-12-18,La Liga,Barcelona,Atletico Madrid,3,0,3.42,0.1,0.44,1.75,0.54,0.51,4,2,H
2023-12-25,La Liga,Atletico Madrid,Sevilla,0,2,0.1,2.14,1.56,1.44,0.71,0.75,5,6,A
2024-01-01,La Liga,Sevilla,Atletico Madrid,1,0,0.98,0.1,0.84,1.62,0.67,0.22,5,7,H
2024-01-08,La Liga,Atletico Madrid,Sevilla,2,0,3.26,0.27,1.66,1.09,0.24,0.31,3,6,H
2024-01-15,La Liga,Real Madrid,Atletico Madrid,2,1,2.42,0.79,0.3,0.62,0.73,0.72,3,7,H
2024-01-22,La Liga,Real Madrid,Atletico Madrid,2,1,2.81,1.06,0.47,1.49,0.18,0.64,6,2,H
2024-01-29,La Liga,Real Madrid,Atletico Madrid,1,2,0.97,1.71,1.17,0.75,0.65,0.04,6,4,A
2024-02-05,La Liga,Atletico Madrid,Real Madrid,1,1,1.47,1.61,0.52,1.52,0.7,0.98,7,7,D
2024-02-12,La Liga,Sevilla,Atletico Madrid,1,1,0.62,1.63,0.22,0.46,0.12,0.36,6,4,D
2024-02-19,La Liga,Atletico Madrid,Barcelona,2,2,2.63,2.01,0.9,0.9,0.77,0.57,3,5,D
2024-02-26,La Liga,Barcelona,Sevilla,1,0,1.4,0.1,0.34,0.84,0.84,0.62,7,3,H
2024-03-04,La Liga,Atletico Madrid,Sevilla,2,0,2.74,0.4,1.11,1.61,0.24,0.65,3,2,H
2024-03-11,La Liga,Real Madrid,Sevilla,2,0,2.44,0.12,0.2,0.52,0.19,0.11,3,2,H
2024-03-18,La Liga,Barcelona,Real Madrid,2,2,2.06,2.44,1.02,0.91,0.39,0.47,2,6,D
2024-03-25,La Liga,Real Madrid,Sevilla,2,0,1.36,0.69,1.53,0.52,0.29,0.66,3,5,H
2024-04-01,La Liga,Atletico Madrid,Sevilla,2,1,2.26,1.7,0.44,1.79,0.1,0.73,7,3,H
2024-04-08,La Liga,Sevilla,Barcelona,1,0,2.28,0.1,1.56,0.65,0.61,0.96,6,4,H
2024-04-15,La Liga,Barcelona,Sevilla,0,0,0.68,0.68,1.02,0.24,0.78,0.06,7,6,D
2022-08-01,Primeira Liga,Sporting,Benfica,0,2,0.54,2.81,1.54,1.78,0.26,0.37,7,6,A
2022-08-08,Primeira Liga,Porto,Sporting,2,0,1.79,0.1,0.0,0.0,0.0,0.33,4,5,H
2022-08-15,Primeira Liga,Benfica,Braga,0,1,0.42,0.84,0.83,0.85,0.67,0.27,6,5,A
2022-08-22,Primeira Liga,Porto,Braga,1,0,0.49,0.1,1.65,1.18,0.96,0.13,6,3,H
2022-08-29,Primeira Liga,Benfica,Porto,1,1,1.21,0.42,1.21,1.74,0.06,0.1,2,3,D
2022-09-05,Primeira Liga,Braga,Sporting,2,0,1.17,0.1,0.67,0.2,0.64,0.03,3,2,H
2022-09-12,Primeira Liga,Benfica,Sporting,2,1,1.99,1.14,1.09,1.48,0.34,0.12,7,7,H
2022-09-19,Primeira Liga,Sporting,Porto,0,0,0.89,0.1,1.75,0.52,0.77,0.63,5,3,D
2022-09-26,Primeira Liga,Benfica,Porto,0,1,0.1,0.77,0.92,0.11,0.13,0.61,7,2,A
2022-10-03,Primeira Liga,Sporting,Benfica,0,1,0.5,0.63,1.66,0.87,0.4,0.48,4,2,A
2022-10-10,Primeira Liga,Benfica,Braga,1,0,2.74,0.1,0.8,1.02,0.1,0.23,3,5,H
2022-10-17,Primeira Liga,Sporting,Porto,0,2,0.32,2.29,1.59,0.87,0.13,0.14,7,7,A
2022-10-24,Primeira Liga,Benfica,Sporting,1,0,0.53,0.47,0.09,1.68,0.34,0.14,2,2,H
2022-10-31,Primeira Liga,Benfica,Sporting,1,1,2.19,0.71,1.49,1.64,0.18,0.49,4,5,D
2022-11-07,Primeira Liga,Porto,Sporting,2,0,2.67,0.75,0.33,0.11,0.42,0.93,2,6,H
2022-11-14,Primeira Liga,Porto,Benfica,2,0,1.83,0.1,0.31,0.93,0.87,0.59,4,3,H
2022-11-21,Primeira Liga,Sporting,Braga,0,1,0.21,0.54,0.21,0.17,0.17,0.83,5,7,A
2022-11-28,Primeira Liga,Braga,Porto,1,1,1.43,2.01,0.45,0.16,0.51,0.52,6,5,D
2022-12-05,Primeira Liga,Braga,Benfica,0,0,0.1,0.51,1.17,0.63,0.35,0.85,7,7,D
2022-12-12,Primeira Liga,Porto,Braga,0,1,0.3,1.72,0.18,1.44,0.92,0.3,5,7,A
2022-12-19,Primeira Liga,Benfica,Sporting,2,2,2.5,2.04,0.46,1.37,0.23,0.88,4,7,D
2022-12-26,Primeira Liga,Braga,Benfica,1,0,1.48,0.1,0.86,0.38,0.57,0.78,5,3,H
2023-01-02,Primeira Liga,Benfica,Braga,1,1,1.29,0.44,0.44,0.84,0.49,0.32,6,5,D
2023-01-09,Primeira Liga,Braga,Porto,1,1,0.57,0.5,1.23,0.22,0.34,0.63,3,6,D
2023-01-16,Primeira Liga,Benfica,Sporting,2,1,3.33,2.75,1.04,1.61,0.96,0.76,7,2,H
2023-01-23,Primeira Liga,Braga,Benfica,1,0,1.7,0.82,0.74,0.93,0.71,0.69,6,5,H
2023-01-30,Primeira Liga,Benfica,Braga,1,0,2.31,0.1,0.2,0.25,0.17,0.57,7,6,H
2023-02-06,Primeira Liga,Sporting,Benfica,2,0,3.06,0.21,0.17,1.59,0.07,0.27,7,6,H
2023-02-13,Primeira Liga,Porto,Braga,1,2,1.14,2.28,0.11,0.84,0.55,0.6,6,6,A
2023-02-20,Primeira Liga,Braga,Benfica,1,1,0.81,0.52,0.86,1.19,0.44,0.7,5,6,D
2023-02-27,Primeira Liga,Porto,Sporting,2,1,2.45,2.48,1.64,0.85,0.13,0.35,3,4,H
2023-03-06,Primeira Liga,Sporting,Porto,1,1,1.48,0.15,0.91,1.71,0.88,0.97,7,3,D
2023-03-13,Primeira Liga,Porto,Benfica,0,1,0.98,0.87,1.61,1.2,0.22,0.35,2,4,A
2023-03-20,Primeira Liga,Porto,Braga,3,2,4.15,2.53,1.11,0.61,0.18,0.34,5,3,H
2023-03-27,Primeira Liga,Porto,Sporting,2,0,2.48,0.76,0.85,0.16,0.84,0.04,5,4,H
2023-04-03,Primeira Liga,Benfica,Porto,3,2,3.5,2.11,0.54,0.62,0.53,0.1,4,3,H
2023-04-10,Primeira Liga,Porto,Benfica,0,1,1.01,1.56,0.57,0.16,0.42,0.81,2,2,A
2023-04-17,Primeira Liga,Sporting,Porto,2,0,2.11,0.34,1.54,0.75,0.41,0.4,6,4,H
2023-04-24,Primeira Liga,Braga,Benfica,0,1,0.13,1.65,0.53,1.67,0.54,0.37,5,7,A
2023-05-01,Primeira Liga,Benfica,Porto,0,0,1.0,0.66,0.01,1.36,0.16,0.24,5,6,D
2023-05-08,Primeira Liga,Benfica,Sporting,2,0,1.61,0.45,0.04,0.18,0.79,0.56,5,2,H
2023-05-15,Primeira Liga,Sporting,Porto,1,0,1.6,0.1,1.61,1.31,0.67,0.46,6,6,H
2023-05-22,Primeira Liga,Benfica,Sporting,0,0,0.92,0.1,0.24,0.01,0.58,0.9,4,3,D
2023-05-29,Primeira Liga,Braga,Benfica,1,0,1.35,0.15,0.4,1.32,0.88,0.78,4,2,H
2023-06-05,Primeira Liga,Braga,Sporting,0,1,0.1,0.71,0.14,0.8,0.25,0.17,6,5,A
2023-06-12,Primeira Liga,Braga,Benfica,1,1,0.63,0.97,0.33,0.69,0.52,0.52,3,6,D
2023-06-19,Primeira Liga,Sporting,Benfica,3,0,3.51,0.1,0.44,0.83,0.64,0.61,4,7,H
2023-06-26,Primeira Liga,Sporting,Porto,1,0,2.97,0.1,1.71,1.7,0.66,0.1,2,2,H
2023-07-03,Primeira Liga,Sporting,Braga,3,2,4.24,2.03,0.85,1.34,0.77,0.51,4,6,H
2023-07-10,Primeira Liga,Sporting,Braga,1,0,1.71,0.12,0.41,1.73,0.95,0.93,5,7,H
2023-07-17,Primeira Liga,Sporting,Braga,0,0,1.21,0.1,0.11,0.71,0.51,0.75,2,6,D
2023-07-24,Primeira Liga,Braga,Sporting,1,2,1.11,2.28,1.77,1.37,0.38,0.72,5,5,A
2023-07-31,Primeira Liga,Porto,Benfica,0,1,0.1,1.11,0.01,0.72,0.24,0.23,3,5,A
2023-08-07,Primeira Liga,Porto,Sporting,2,0,2.2,0.1,0.55,0.32,0.08,0.64,4,7,H
2023-08-14,Primeira Liga,Benfica,Sporting,1,0,0.62,0.34,0.13,1.66,0.82,0.46,2,6,H
2023-08-21,Primeira Liga,Porto,Sporting,1,1,0.97,0.78,0.88,0.87,0.2,0.03,6,3,D
2023-08-28,Primeira Liga,Braga,Sporting,1,1,1.04,1.7,1.79,0.71,0.27,0.69,2,6,D
2023-09-04,Primeira Liga,Sporting,Braga,1,1,0.79,0.84,1.44,0.61,0.98,0.2,6,4,D
2023-09-11,Primeira Liga,Porto,Braga,2,1,2.69,0.9,0.88,0.94,0.27,0.53,2,5,H
2023-09-18,Primeira Liga,Sporting,Porto,3,0,3.95,0.1,0.24,0.56,0.38,0.35,3,7,H
2023-09-25,Primeira Liga,Benfica,Sporting,1,0,0.53,0.1,1.09,0.24,0.97,0.51,4,2,H
2023-10-02,Primeira Liga,Braga,Porto,2,0,2.57,0.24,0.31,0.82,0.43,0.85,6,3,H
2023-10-09,Primeira Liga,Sporting,Porto,2,1,2.54,1.33,1.71,0.23,0.72,0.53,2,3,H
2023-10-16,Primeira Liga,Benfica,Sporting,0,1,1.22,1.36,0.07,0.95,0.93,0.68,2,4,A
2023-10-23,Primeira Liga,Porto,Sporting,0,1,0.47,0.94,0.93,1.5,0.86,0.69,4,4,A
2023-10-30,Primeira Liga,Benfica,Porto,1,1,2.84,1.21,1.35,1.77,0.59,0.06,3,2,D
2023-11-06,Primeira Liga,Sporting,Braga,0,3,0.27,3.45,0.03,1.53,0.16,0.58,5,4,A
2023-11-13,Primeira Liga,Sporting,Porto,2,0,2.42,0.29,1.1,1.57,0.05,0.7,3,4,H
2023-11-20,Primeira Liga,Porto,Benfica,1,2,1.01,2.21,0.39,0.89,0.82,0.85,3,2,A
2023-11-27,Primeira Liga,Porto,Braga,1,0,2.35,0.1,1.56,0.08,0.95,0.24,7,3,H
2023-12-04,Primeira Liga,Benfica,Porto,1,1,0.28,1.59,0.47,1.48,0.24,0.39,4,2,D
2023-12-11,Primeira Liga,Braga,Sporting,1,2,1.73,2.74,1.76,0.22,0.85,0.22,2,6,A
2023-12-18,Primeira Liga,Sporting,Porto,2,0,3.1,0.47,0.83,1.3,0.98,0.24,2,7,H
2023-12-25,Primeira Liga,Braga,Sporting,1,1,1.48,1.38,1.45,1.09,0.48,0.11,7,2,D
2024-01-01,Primeira Liga,Porto,Braga,2,1,1.63,0.35,1.49,0.25,0.3,0.14,5,6,H
2024-01-08,Primeira Liga,Benfica,Sporting,2,0,2.55,0.1,1.64,1.5,0.83,0.81,3,4,H
2024-01-15,Primeira Liga,Sporting,Benfica,2,1,0.57,1.49,0.52,0.78,0.87,0.97,3,4,H
2024-01-22,Primeira Liga,Sporting,Braga,0,0,0.9,0.1,1.12,1.0,0.54,0.37,2,5,D
2024-01-29,Primeira Liga,Braga,Benfica,1,0,0.68,0.37,0.1,1.42,0.57,0.41,3,7,H
2024-02-05,Primeira Liga,Braga,Sporting,1,1,1.85,1.5,0.25,1.49,0.61,0.87,6,7,D
2024-02-12,Primeira Liga,Porto,Braga,3,0,4.03,0.1,0.98,0.04,0.35,0.1,7,3,H
2024-02-19,Primeira Liga,Benfica,Porto,2,1,1.65,2.16,0.92,0.84,0.21,0.41,2,5,H
2024-02-26,Primeira Liga,Porto,Sporting,3,1,3.32,2.03,1.64,1.34,0.28,0.61,4,4,H
2024-03-04,Primeira Liga,Porto,Braga,1,0,1.48,0.94,0.3,1.0,0.03,0.8,2,4,H
2024-03-11,Primeira Liga,Benfica,Braga,1,0,1.66,0.36,1.21,1.61,0.47,0.19,2,7,H
2024-03-18,Primeira Liga,Porto,Sporting,1,0,1.39,1.03,0.18,1.09,0.28,0.99,5,3,H
2024-03-25,Primeira Liga,Porto,Sporting,2,1,1.24,1.67,0.98,0.93,0.61,0.55,7,3,H
2024-04-01,Primeira Liga,Porto,Braga,2,1,3.4,0.25,0.53,1.03,0.52,0.45,3,6,H
2024-04-08,Primeira Liga,Benfica,Sporting,2,1,2.41,1.58,0.14,0.94,0.17,0.64,6,6,H
2024-04-15,Primeira Liga,Braga,Porto,0,0,0.1,0.41,0.39,1.32,0.59,0.97,6,4,D
2022-08-01,Bundesliga,Dortmund,Leverkusen,1,2,0.1,2.26,0.99,0.64,0.15,0.5,6,4,A
2022-08-08,Bundesliga,Dortmund,Leverkusen,1,1,0.89,2.12,1.53,0.41,0.77,0.99,5,6,D
2022-08-15,Bundesliga,Leipzig,Leverkusen,2,0,2.78,0.1,0.09,0.86,0.73,0.74,5,6,H
2022-08-22,Bundesliga,Leipzig,Dortmund,2,2,2.72,3.05,0.31,0.93,1.0,0.09,5,2,D
2022-08-29,Bundesliga,Dortmund,Leverkusen,3,1,4.46,0.99,0.66,0.51,0.79,0.61,5,6,H
2022-09-05,Bundesliga,Bayern,Leipzig,1,0,2.08,0.1,0.49,0.99,0.87,0.05,7,3,H
2022-09-12,Bundesliga,Leverkusen,Dortmund,1,1,1.37,1.84,0.76,1.08,0.27,0.62,5,7,D
2022-09-19,Bundesliga,Dortmund,Bayern,0,0,0.15,0.1,0.78,1.78,0.5,0.99,6,6,D
2022-09-26,Bundesliga,Leipzig,Dortmund,2,0,1.66,0.66,0.94,0.99,0.56,0.95,7,3,H
2022-10-03,Bundesliga,Bayern,Dortmund,1,1,2.35,1.56,0.5,0.05,0.18,0.5,5,2,D
2022-10-10,Bundesliga,Dortmund,Leverkusen,2,1,2.02,1.84,1.74,1.17,0.85,0.59,2,7,H
2022-10-17,Bundesliga,Dortmund,Leverkusen,1,1,2.35,2.07,0.87,0.36,0.49,0.81,4,3,D
2022-10-24,Bundesliga,Bayern,Leverkusen,1,0,1.01,0.73,0.18,0.02,0.93,0.26,2,4,H
2022-10-31,Bundesliga,Dortmund,Leverkusen,0,1,0.41,1.43,1.16,0.19,0.03,0.08,6,2,A
2022-11-07,Bundesliga,Dortmund,Leverkusen,2,0,1.99,0.79,1.55,1.0,0.23,0.72,3,7,H
2022-11-14,Bundesliga,Leverkusen,Leipzig,1,2,1.55,2.39,0.91,0.33,0.56,0.28,4,5,A
2022-11-21,Bundesliga,Leverkusen,Dortmund,1,0,1.05,0.38,1.19,1.66,0.69,0.32,6,4,H
2022-11-28,Bundesliga,Leverkusen,Bayern,1,1,0.59,1.28,0.26,1.32,0.25,0.4,3,4,D
2022-12-05,Bundesliga,Leverkusen,Leipzig,1,0,1.46,0.1,0.19,0.89,0.25,0.3,6,5,H
2022-12-12,Bundesliga,Bayern,Leipzig,1,1,1.8,0.86,1.52,1.35,0.14,0.56,4,4,D
2022-12-19,Bundesliga,Bayern,Leipzig,1,1,0.66,1.0,0.81,0.04,0.5,0.81,5,6,D
2022-12-26,Bundesliga,Bayern,Leipzig,0,0,0.39,0.41,0.34,0.94,0.6,0.46,7,7,D
2023-01-02,Bundesliga,Leverkusen,Dortmund,0,1,0.1,1.5,0.15,1.55,0.89,0.91,6,3,A
2023-01-09,Bundesliga,Bayern,Leverkusen,1,0,0.72,0.1,1.09,0.77,0.24,0.3,7,2,H
2023-01-16,Bundesliga,Dortmund,Leverkusen,0,1,1.02,1.52,1.62,0.04,0.55,0.89,6,5,A
2023-01-23,Bundesliga,Leverkusen,Leipzig,0,1,0.1,2.24,0.75,1.0,0.52,0.36,2,4,A
2023-01-30,Bundesliga,Leverkusen,Leipzig,1,1,2.62,0.28,1.42,0.5,0.02,0.88,2,4,D
2023-02-06,Bundesliga,Leipzig,Leverkusen,0,0,0.49,0.1,0.91,0.17,0.38,0.5,7,4,D
2023-02-13,Bundesliga,Dortmund,Leverkusen,1,1,0.6,0.81,1.28,0.76,0.94,0.72,6,6,D
2023-02-20,Bundesliga,Dortmund,Leipzig,1,2,0.1,1.33,1.22,0.08,0.94,0.47,3,6,A
2023-02-27,Bundesliga,Dortmund,Leipzig,1,0,0.64,0.32,0.63,1.05,0.15,0.25,2,5,H
2023-03-06,Bundesliga,Bayern,Leipzig,0,0,0.1,0.94,1.1,1.19,0.29,0.9,4,7,D
2023-03-13,Bundesliga,Dortmund,Bayern,2,0,2.72,1.08,0.28,0.69,0.38,0.33,4,3,H
2023-03-20,Bundesliga,Dortmund,Bayern,1,1,1.46,0.66,1.28,0.77,0.97,0.88,7,5,D
2023-03-27,Bundesliga,Leipzig,Dortmund,2,0,2.11,0.1,0.66,0.59,0.62,0.01,5,2,H
2023-04-03,Bundesliga,Leverkusen,Bayern,0,1,0.1,0.95,1.2,0.42,0.62,0.41,7,5,A
2023-04-10,Bundesliga,Dortmund,Leverkusen,0,0,0.1,0.66,0.11,1.33,0.66,0.91,4,7,D
2023-04-17,Bundesliga,Leverkusen,Leipzig,1,0,0.69,0.1,0.68,0.42,0.42,0.7,4,2,H
2023-04-24,Bundesliga,Dortmund,Leipzig,3,1,3.59,1.36,0.88,0.53,0.78,0.51,6,4,H
2023-05-01,Bundesliga,Leipzig,Dortmund,3,1,2.44,1.92,0.19,0.78,0.54,0.15,2,5,H
2023-05-08,Bundesliga,Leipzig,Dortmund,0,0,0.1,0.1,0.31,1.16,0.44,0.68,2,2,D
2023-05-15,Bundesliga,Leipzig,Leverkusen,3,2,2.81,2.26,1.41,0.94,0.29,0.39,2,4,H
2023-05-22,Bundesliga,Bayern,Leipzig,4,1,4.84,0.68,1.69,0.97,0.68,0.1,5,6,H
2023-05-29,Bundesliga,Leverkusen,Bayern,0,0,0.1,0.1,0.88,0.77,0.53,0.06,3,7,D
2023-06-05,Bundesliga,Dortmund,Leverkusen,3,0,2.95,0.83,0.92,1.34,0.38,0.75,5,2,H
2023-06-12,Bundesliga,Leverkusen,Bayern,0,2,0.17,1.01,0.91,1.25,0.08,0.66,6,5,A
2023-06-19,Bundesliga,Leipzig,Leverkusen,3,1,2.77,2.41,0.9,1.72,0.84,0.71,5,7,H
2023-06-26,Bundesliga,Dortmund,Leverkusen,2,0,1.63,0.17,0.3,0.48,0.19,0.17,2,7,H
2023-07-03,Bundesliga,Bayern,Leipzig,2,2,1.62,1.0,0.26,0.21,0.54,0.96,7,7,D
2023-07-10,Bundesliga,Leipzig,Bayern,1,1,1.22,1.01,0.33,0.54,0.03,0.68,3,7,D
2023-07-17,Bundesliga,Bayern,Dortmund,1,0,0.9,0.1,0.22,1.24,0.7,0.26,5,7,H
2023-07-24,Bundesliga,Dortmund,Leverkusen,1,0,1.55,0.67,1.72,0.06,0.16,0.73,5,4,H
2023-07-31,Bundesliga,Dortmund,Bayern,1,1,1.29,1.51,1.47,1.04,0.75,0.57,5,6,D
2023-08-07,Bundesliga,Leverkusen,Bayern,0,1,0.1,0.4,1.06,1.69,0.27,0.9,4,2,A
2023-08-14,Bundesliga,Leipzig,Leverkusen,0,1,0.1,0.1,0.95,0.39,0.99,0.71,3,4,A
2023-08-21,Bundesliga,Leipzig,Leverkusen,1,1,2.6,0.75,1.2,1.68,0.14,0.84,7,4,D
2023-08-28,Bundesliga,Leverkusen,Bayern,0,3,0.33,3.3,0.81,0.09,0.03,0.61,6,6,A
2023-09-04,Bundesliga,Bayern,Dortmund,0,0,0.16,0.6,0.28,0.87,0.37,0.59,7,4,D
2023-09-11,Bundesliga,Dortmund,Leipzig,0,1,1.71,1.03,0.91,0.68,0.63,0.61,4,4,A
2023-09-18,Bundesliga,Leipzig,Bayern,1,2,1.56,2.47,0.17,1.17,0.39,0.92,6,5,A
2023-09-25,Bundesliga,Leipzig,Dortmund,1,1,2.23,1.98,0.54,0.01,0.98,0.38,3,5,D
2023-10-02,Bundesliga,Bayern,Dortmund,0,1,1.62,1.4,0.61,1.22,0.08,0.08,2,5,A
2023-10-09,Bundesliga,Dortmund,Leipzig,2,0,3.17,0.76,0.91,1.41,0.63,0.57,3,6,H
2023-10-16,Bundesliga,Dortmund,Leipzig,2,1,1.94,2.65,0.09,1.37,0.12,0.1,5,3,H
2023-10-23,Bundesliga,Dortmund,Leipzig,1,0,1.93,1.05,1.01,1.7,0.01,0.48,7,2,H
2023-10-30,Bundesliga,Bayern,Dortmund,1,0,0.75,0.1,0.7,0.26,0.73,0.36,4,3,H
2023-11-06,Bundesliga,Leverkusen,Leipzig,1,0,0.26,0.24,0.71,1.64,0.48,0.6,3,3,H
2023-11-13,Bundesliga,Leverkusen,Dortmund,1,1,0.91,0.7,1.25,1.71,0.64,0.18,6,3,D
2023-11-20,Bundesliga,Leverkusen,Bayern,1,1,0.76,0.63,0.0,0.35,0.6,0.54,3,4,D
2023-11-27,Bundesliga,Dortmund,Leverkusen,1,0,0.83,0.18,1.7,0.72,0.49,0.25,4,6,H
2023-12-04,Bundesliga,Leverkusen,Bayern,0,1,0.18,1.85,0.91,1.06,0.42,0.43,3,4,A
2023-12-11,Bundesliga,Bayern,Leverkusen,1,0,0.89,0.1,1.32,0.84,0.2,1.0,5,4,H
2023-12-18,Bundesliga,Leipzig,Bayern,0,2,0.1,2.5,0.75,0.2,0.72,0.25,5,2,A
2023-12-25,Bundesliga,Bayern,Leipzig,1,1,1.98,1.25,1.55,1.46,0.93,0.46,4,6,D
2024-01-01,Bundesliga,Leipzig,Bayern,1,2,0.94,3.08,1.14,0.0,0.21,0.62,5,5,A
2024-01-08,Bundesliga,Leverkusen,Dortmund,2,2,2.56,2.16,1.11,1.1,0.61,0.51,6,4,D
2024-01-15,Bundesliga,Leverkusen,Dortmund,1,0,2.02,0.1,0.13,0.38,0.23,0.82,3,6,H
2024-01-22,Bundesliga,Leverkusen,Bayern,0,0,1.37,0.1,0.16,1.74,0.29,0.61,5,4,D
2024-01-29,Bundesliga,Leipzig,Dortmund,2,0,2.56,0.16,1.13,1.33,0.96,0.73,4,4,H
2024-02-05,Bundesliga,Bayern,Leverkusen,1,2,0.86,1.83,0.11,0.7,0.46,0.21,6,2,A
2024-02-12,Bundesliga,Leipzig,Dortmund,2,1,3.15,1.72,0.96,1.09,0.88,0.15,6,2,H
2024-02-19,Bundesliga,Bayern,Leipzig,3,0,1.43,0.1,0.07,0.43,0.29,0.54,6,3,H
2024-02-26,Bundesliga,Bayern,Leipzig,1,2,1.45,2.05,0.33,1.67,0.57,0.59,2,7,A
2024-03-04,Bundesliga,Bayern,Leipzig,0,0,0.1,0.11,0.34,1.35,0.85,0.84,3,7,D
2024-03-11,Bundesliga,Dortmund,Bayern,1,1,0.9,1.04,1.26,0.64,0.01,0.89,3,2,D
2024-03-18,Bundesliga,Leipzig,Bayern,0,1,0.43,0.26,0.21,1.12,0.13,0.53,2,2,A
2024-03-25,Bundesliga,Leipzig,Dortmund,0,1,0.66,0.71,1.37,0.91,0.24,0.79,2,3,A
2024-04-01,Bundesliga,Bayern,Leverkusen,1,1,0.77,0.56,0.4,0.39,0.86,0.83,5,7,D
2024-04-08,Bundesliga,Leipzig,Bayern,1,0,1.41,0.29,0.05,0.62,0.38,0.22,4,7,H
2024-04-15,Bundesliga,Dortmund,Bayern,0,0,0.56,0.49,0.56,0.92,0.83,0.83,2,2,D
2022-08-01,Serie A,Inter,Napoli,2,0,2.06,0.67,1.1,0.03,0.57,0.41,2,3,H
2022-08-08,Serie A,Juventus,Inter,1,2,1.3,1.93,0.23,0.57,0.77,0.07,6,7,A
2022-08-15,Serie A,Milan,Juventus,2,1,1.11,1.3,1.8,1.47,0.24,0.98,6,2,H
2022-08-22,Serie A,Inter,Napoli,0,0,0.1,0.1,1.2,1.79,0.68,0.32,7,6,D
2022-08-29,Serie A,Napoli,Milan,3,2,3.29,2.16,1.1,0.45,0.92,0.73,7,2,H
2022-09-05,Serie A,Napoli,Juventus,4,1,4.58,0.58,0.11,0.47,0.77,0.29,2,5,H
2022-09-12,Serie A,Napoli,Juventus,0,0,0.55,0.1,1.44,0.79,0.87,0.69,6,2,D
2022-09-19,Serie A,Juventus,Napoli,2,1,1.96,0.99,0.87,1.2,0.91,0.5,5,7,H
2022-09-26,Serie A,Napoli,Juventus,0,2,0.59,0.78,0.12,1.03,0.71,0.22,2,2,A
2022-10-03,Serie A,Juventus,Milan,1,0,0.28,0.62,0.17,1.3,0.71,0.46,4,7,H
2022-10-10,Serie A,Inter,Milan,2,1,2.12,1.88,1.36,1.78,0.91,0.85,4,7,H
2022-10-17,Serie A,Napoli,Juventus,3,0,4.23,0.58,1.64,0.26,0.1,0.89,2,6,H
2022-10-24,Serie A,Milan,Napoli,1,1,2.22,2.15,0.8,0.14,0.34,0.8,3,6,D
2022-10-31,Serie A,Milan,Napoli,1,2,1.14,1.56,1.43,1.46,0.08,0.71,6,2,A
2022-11-07,Serie A,Juventus,Napoli,3,1,3.1,0.8,1.3,0.95,0.23,0.17,5,6,H
2022-11-14,Serie A,Napoli,Juventus,2,1,2.62,0.84,0.37,1.12,0.23,0.1,2,6,H
2022-11-21,Serie A,Napoli,Milan,0,0,0.57,0.1,0.69,1.75,0.94,0.64,7,4,D
2022-11-28,Serie A,Inter,Milan,2,1,2.83,0.99,0.46,1.18,0.08,0.53,3,4,H
2022-12-05,Serie A,Milan,Napoli,1,0,1.6,0.1,1.57,0.43,0.37,0.97,2,2,H
2022-12-12,Serie A,Juventus,Inter,2,1,1.89,3.46,1.06,1.25,0.48,0.62,5,4,H
2022-12-19,Serie A,Juventus,Milan,3,0,2.97,0.82,1.6,0.89,0.99,0.6,3,7,H
2022-12-26,Serie A,Napoli,Inter,1,1,1.62,0.16,1.49,0.82,0.04,0.73,2,3,D
2023-01-02,Serie A,Inter,Napoli,3,2,4.62,2.07,0.25,0.36,0.88,0.02,3,5,H
2023-01-09,Serie A,Napoli,Juventus,1,0,1.15,0.1,1.62,1.75,0.76,0.79,7,2,H
2023-01-16,Serie A,Napoli,Juventus,2,1,2.72,1.3,1.17,1.32,0.29,0.48,5,3,H
2023-01-23,Serie A,Inter,Milan,2,0,2.35,0.12,0.58,0.55,0.22,0.66,7,2,H
2023-01-30,Serie A,Inter,Milan,2,0,2.3,0.1,0.14,0.97,0.48,0.8,6,7,H
2023-02-06,Serie A,Inter,Milan,1,1,1.01,0.14,0.34,1.53,0.76,0.16,3,7,D
2023-02-13,Serie A,Juventus,Napoli,2,0,2.99,0.1,1.16,0.04,0.43,0.53,5,2,H
2023-02-20,Serie A,Napoli,Juventus,0,1,0.6,0.77,1.64,0.06,0.89,0.02,7,7,A
2023-02-27,Serie A,Inter,Milan,0,1,0.92,0.75,0.86,1.46,0.34,0.46,2,3,A
2023-03-06,Serie A,Inter,Napoli,2,0,1.87,0.61,1.52,1.55,0.24,0.74,4,5,H
2023-03-13,Serie A,Napoli,Juventus,1,0,0.67,0.1,0.47,0.84,0.32,0.98,5,2,H
2023-03-20,Serie A,Napoli,Inter,0,1,0.67,2.35,1.09,0.86,0.45,0.9,3,7,A
2023-03-27,Serie A,Napoli,Juventus,1,0,2.26,0.1,1.54,1.51,0.86,0.21,6,7,H
2023-04-03,Serie A,Milan,Napoli,3,1,3.75,1.09,0.53,1.6,0.24,0.17,4,3,H
2023-04-10,Serie A,Napoli,Milan,0,1,1.31,1.38,0.72,0.61,0.09,0.34,7,7,A
2023-04-17,Serie A,Napoli,Milan,2,0,2.3,0.21,0.37,0.97,0.84,0.13,7,6,H
2023-04-24,Serie A,Juventus,Napoli,2,2,1.4,2.45,0.74,0.01,0.0,0.53,6,6,D
2023-05-01,Serie A,Inter,Milan,0,1,0.1,0.81,1.06,1.69,0.44,0.37,7,7,A
2023-05-08,Serie A,Juventus,Napoli,2,0,2.96,0.54,1.64,1.54,0.82,0.61,6,7,H
2023-05-15,Serie A,Juventus,Inter,2,1,2.15,1.56,1.77,1.66,0.31,0.57,4,3,H
2023-05-22,Serie A,Napoli,Milan,0,1,0.1,2.04,0.96,0.72,0.3,0.26,5,5,A
2023-05-29,Serie A,Inter,Juventus,1,0,0.35,0.1,0.75,0.18,0.55,0.8,3,4,H
2023-06-05,Serie A,Napoli,Juventus,1,0,2.02,0.38,0.31,0.72,0.78,0.09,2,6,H
2023-06-12,Serie A,Inter,Juventus,3,1,3.35,1.51,1.11,0.62,0.18,0.61,6,4,H
2023-06-19,Serie A,Milan,Juventus,0,1,0.1,1.74,0.91,0.54,0.27,0.49,2,5,A
2023-06-26,Serie A,Inter,Juventus,3,1,2.74,0.69,1.77,0.9,0.2,0.35,7,6,H
2023-07-03,Serie A,Juventus,Inter,1,1,1.86,0.88,1.04,0.44,0.94,0.11,7,6,D
2023-07-10,Serie A,Inter,Napoli,1,0,1.91,0.1,1.51,0.05,0.24,0.99,4,3,H
2023-07-17,Serie A,Inter,Milan,1,1,0.72,1.1,0.55,0.85,0.47,0.18,6,2,D
2023-07-24,Serie A,Milan,Juventus,2,1,1.44,0.1,0.69,1.49,0.91,0.17,7,6,H
2023-07-31,Serie A,Juventus,Napoli,5,2,5.67,2.37,1.74,1.06,0.48,0.93,2,5,H
2023-08-07,Serie A,Inter,Juventus,1,2,0.82,2.35,0.68,0.93,0.86,0.2,2,5,A
2023-08-14,Serie A,Juventus,Inter,0,2,0.1,2.17,1.62,1.52,0.89,0.24,6,2,A
2023-08-21,Serie A,Juventus,Milan,3,0,3.85,0.1,0.18,1.34,0.21,0.74,4,3,H
2023-08-28,Serie A,Napoli,Inter,0,0,0.27,0.5,0.96,1.34,0.32,0.39,2,7,D
2023-09-04,Serie A,Inter,Milan,0,0,0.1,1.43,0.56,0.03,0.11,0.24,7,7,D
2023-09-11,Serie A,Inter,Milan,1,0,2.32,0.83,1.32,0.54,0.65,0.56,7,7,H
2023-09-18,Serie A,Napoli,Juventus,1,0,0.82,0.28,1.53,1.15,0.27,0.75,7,7,H
2023-09-25,Serie A,Milan,Inter,1,1,1.46,0.91,1.32,1.64,0.22,0.28,7,5,D
2023-10-02,Serie A,Juventus,Napoli,1,0,1.15,0.1,1.52,0.61,0.89,0.51,2,4,H
2023-10-09,Serie A,Inter,Napoli,1,0,0.9,0.1,1.63,0.87,0.83,0.26,6,6,H
2023-10-16,Serie A,Juventus,Milan,1,1,0.9,0.21,0.88,0.03,0.88,0.9,2,4,D
2023-10-23,Serie A,Juventus,Napoli,3,1,4.38,1.93,0.57,0.49,0.55,0.29,7,2,H
2023-10-30,Serie A,Juventus,Milan,1,1,2.46,1.63,1.24,0.47,0.64,0.36,6,2,D
2023-11-06,Serie A,Juventus,Napoli,0,0,0.56,0.1,1.03,1.02,0.87,0.48,6,5,D
2023-11-13,Serie A,Inter,Milan,1,0,1.57,0.1,1.44,0.77,0.77,0.07,2,5,H
2023-11-20,Serie A,Inter,Juventus,2,2,1.73,1.34,1.29,1.37,0.15,0.81,5,3,D
2023-11-27,Serie A,Milan,Juventus,1,0,2.02,0.34,0.34,1.55,0.54,0.01,5,2,H
2023-12-04,Serie A,Inter,Juventus,3,1,2.91,1.11,0.21,0.24,0.95,0.72,7,7,H
2023-12-11,Serie A,Inter,Milan,2,0,2.9,0.1,1.12,0.91,0.2,0.32,5,3,H
2023-12-18,Serie A,Napoli,Juventus,2,1,2.45,1.46,1.0,1.07,0.25,0.13,7,3,H
2023-12-25,Serie A,Juventus,Napoli,2,2,1.91,2.29,0.24,1.59,0.38,0.58,5,6,D
2024-01-01,Serie A,Juventus,Napoli,0,0,0.55,0.1,0.48,1.59,0.6,0.41,5,5,D
2024-01-08,Serie A,Inter,Juventus,4,1,5.23,1.84,0.64,0.44,0.61,0.36,2,7,H
2024-01-15,Serie A,Milan,Juventus,0,1,0.84,1.59,0.69,1.48,0.78,0.97,7,4,A
2024-01-22,Serie A,Milan,Napoli,1,2,1.04,3.46,0.9,0.75,0.22,0.81,3,5,A
2024-01-29,Serie A,Inter,Juventus,1,0,0.32,0.36,0.08,1.21,0.87,0.41,7,6,H
2024-02-05,Serie A,Milan,Juventus,2,1,2.26,1.28,0.74,1.05,0.91,0.1,7,2,H
2024-02-12,Serie A,Juventus,Napoli,1,1,1.05,0.46,0.52,0.28,0.42,0.89,2,7,D
2024-02-19,Serie A,Inter,Juventus,2,1,2.45,1.51,1.71,1.46,0.93,0.92,7,6,H
2024-02-26,Serie A,Milan,Juventus,2,1,1.66,0.98,1.05,0.11,0.36,0.83,4,5,H
2024-03-04,Serie A,Milan,Inter,2,3,2.72,2.75,0.59,0.66,0.88,0.91,7,7,A
2024-03-11,Serie A,Milan,Inter,1,0,1.99,0.1,1.12,1.45,0.65,0.12,4,3,H
2024-03-18,Serie A,Napoli,Juventus,1,1,2.1,0.63,0.04,1.46,0.28,0.06,3,3,D
2024-03-25,Serie A,Juventus,Napoli,1,1,1.3,1.14,0.97,0.24,0.31,0.29,5,2,D
2024-04-01,Serie A,Milan,Napoli,0,0,0.1,0.47,1.15,0.51,0.51,0.7,4,6,D
2024-04-08,Serie A,Inter,Milan,0,0,0.73,0.1,1.46,1.75,0.51,0.35,3,7,D
2024-04-15,Serie A,Milan,Juventus,0,0,0.97,0.1,1.47,1.77,0.08,0.33,4,4,D
2022-08-01,Scottish Premiership,Aberdeen,Celtic,1,1,0.86,0.89,0.27,0.07,0.68,0.37,5,5,D
2022-08-08,Scottish Premiership,Hearts,Rangers,0,1,0.25,0.1,1.13,1.73,0.81,0.54,6,7,A
2022-08-15,Scottish Premiership,Celtic,Rangers,0,0,0.4,0.14,0.29,0.26,0.7,0.42,5,3,D
2022-08-22,Scottish Premiership,Aberdeen,Rangers,3,3,3.02,3.51,0.46,0.39,0.97,0.07,3,3,D
2022-08-29,Scottish Premiership,Celtic,Aberdeen,1,2,1.56,2.82,0.46,0.13,0.15,0.62,6,2,A
2022-09-05,Scottish Premiership,Aberdeen,Hearts,0,2,0.26,3.22,1.57,0.35,0.62,0.4,7,7,A
2022-09-12,Scottish Premiership,Rangers,Celtic,1,2,1.93,2.6,1.58,0.56,0.22,0.63,7,3,A
2022-09-19,Scottish Premiership,Celtic,Rangers,0,0,0.1,0.68,0.87,0.94,0.2,0.36,3,3,D
2022-09-26,Scottish Premiership,Aberdeen,Celtic,0,0,0.1,0.85,1.67,0.36,0.66,0.48,6,2,D
2022-10-03,Scottish Premiership,Hearts,Rangers,2,2,2.51,2.51,0.26,1.33,0.65,0.29,4,4,D
2022-10-10,Scottish Premiership,Aberdeen,Hearts,0,0,1.1,0.1,0.72,0.46,0.93,0.85,4,2,D
2022-10-17,Scottish Premiership,Aberdeen,Rangers,1,1,0.78,1.87,0.39,1.5,0.0,0.53,6,2,D
2022-10-24,Scottish Premiership,Rangers,Hearts,3,1,3.99,1.94,0.05,1.23,0.83,0.64,2,2,H
2022-10-31,Scottish Premiership,Celtic,Rangers,2,0,2.13,1.57,1.46,0.19,0.89,0.01,4,4,H
2022-11-07,Scottish Premiership,Rangers,Celtic,1,0,1.15,0.3,0.58,0.93,0.73,0.1,2,5,H
2022-11-14,Scottish Premiership,Celtic,Hearts,1,0,0.15,1.5,1.35,0.24,0.61,0.62,3,4,H
2022-11-21,Scottish Premiership,Hearts,Rangers,4,1,3.71,0.44,0.49,1.39,0.86,0.46,6,2,H
2022-11-28,Scottish Premiership,Aberdeen,Celtic,1,2,1.32,2.17,1.17,1.63,0.83,0.36,5,3,A
2022-12-05,Scottish Premiership,Hearts,Aberdeen,0,1,0.59,1.43,0.85,0.94,0.18,0.66,6,2,A
2022-12-12,Scottish Premiership,Celtic,Hearts,3,0,4.19,0.1,0.37,0.32,0.71,0.06,6,7,H
2022-12-19,Scottish Premiership,Rangers,Aberdeen,3,0,3.01,0.18,0.79,0.04,0.21,0.78,2,4,H
2022-12-26,Scottish Premiership,Rangers,Celtic,0,3,0.62,3.73,0.96,0.08,0.56,0.07,4,3,A
2023-01-02,Scottish Premiership,Hearts,Aberdeen,2,1,2.14,1.71,0.54,0.29,0.32,0.69,4,5,H
2023-01-09,Scottish Premiership,Rangers,Celtic,1,2,0.83,2.12,0.14,1.34,0.25,0.65,6,2,A
2023-01-16,Scottish Premiership,Celtic,Aberdeen,1,2,0.93,2.26,1.77,0.38,0.18,0.69,5,7,A
2023-01-23,Scottish Premiership,Celtic,Rangers,2,1,1.53,0.1,0.21,1.2,0.68,0.03,7,4,H
2023-01-30,Scottish Premiership,Hearts,Aberdeen,2,0,2.15,0.1,1.12,0.27,0.82,0.77,7,3,H
2023-02-06,Scottish Premiership,Celtic,Aberdeen,1,0,3.98,0.41,0.12,0.08,0.59,0.99,5,3,H
2023-02-13,Scottish Premiership,Rangers,Celtic,1,1,1.29,1.44,1.47,1.78,0.98,0.93,7,7,D
2023-02-20,Scottish Premiership,Rangers,Celtic,1,1,1.45,1.29,0.58,0.84,0.68,0.87,5,2,D
2023-02-27,Scottish Premiership,Celtic,Aberdeen,2,0,2.36,1.09,1.36,1.56,0.14,0.2,2,7,H
2023-03-06,Scottish Premiership,Hearts,Rangers,1,0,0.99,0.1,0.79,1.06,0.95,0.19,2,7,H
2023-03-13,Scottish Premiership,Rangers,Hearts,1,0,1.98,0.1,0.39,1.27,0.65,0.98,5,4,H
2023-03-20,Scottish Premiership,Rangers,Hearts,1,3,0.9,3.67,1.5,1.36,0.18,0.66,2,5,A
2023-03-27,Scottish Premiership,Hearts,Aberdeen,1,2,1.74,1.58,1.16,0.14,0.18,0.47,3,2,A
2023-04-03,Scottish Premiership,Celtic,Aberdeen,0,2,0.46,1.6,0.32,1.59,0.39,0.01,5,2,A
2023-04-10,Scottish Premiership,Celtic,Hearts,0,0,1.44,0.1,0.29,0.47,0.13,0.81,3,7,D
2023-04-17,Scottish Premiership,Rangers,Hearts,2,1,1.85,1.07,0.48,0.2,0.07,0.91,5,3,H
2023-04-24,Scottish Premiership,Aberdeen,Celtic,3,3,4.35,3.28,0.08,0.52,0.49,0.46,7,6,D
2023-05-01,Scottish Premiership,Hearts,Aberdeen,3,0,3.8,1.17,0.36,1.61,0.5,0.88,6,2,H
2023-05-08,Scottish Premiership,Aberdeen,Hearts,0,0,0.1,0.1,0.51,1.45,0.26,0.31,2,7,D
2023-05-15,Scottish Premiership,Rangers,Hearts,2,0,2.21,0.1,0.48,0.64,0.51,0.31,6,2,H
2023-05-22,Scottish Premiership,Aberdeen,Celtic,2,2,1.0,1.95,1.57,1.61,0.44,0.29,6,2,D
2023-05-29,Scottish Premiership,Rangers,Aberdeen,2,2,2.51,2.01,0.16,0.62,0.17,0.74,2,5,D
2023-06-05,Scottish Premiership,Celtic,Rangers,2,2,2.01,1.99,1.53,0.31,0.69,0.68,2,4,D
2023-06-12,Scottish Premiership,Aberdeen,Rangers,1,1,1.54,0.36,0.86,1.63,0.37,0.77,5,7,D
2023-06-19,Scottish Premiership,Hearts,Celtic,0,1,0.1,1.2,1.73,0.44,0.31,0.32,4,4,A
2023-06-26,Scottish Premiership,Hearts,Rangers,1,1,3.37,1.59,0.9,1.4,0.86,0.3,2,5,D
2023-07-03,Scottish Premiership,Celtic,Hearts,2,1,2.14,1.02,0.14,1.58,0.07,0.41,4,6,H
2023-07-10,Scottish Premiership,Rangers,Hearts,0,1,0.1,1.66,1.09,1.05,0.41,0.65,3,7,A
2023-07-17,Scottish Premiership,Hearts,Aberdeen,1,1,1.12,1.31,0.17,0.99,0.25,0.23,3,5,D
2023-07-24,Scottish Premiership,Celtic,Hearts,3,2,3.39,1.73,1.27,0.29,0.91,0.69,4,6,H
2023-07-31,Scottish Premiership,Rangers,Aberdeen,2,1,2.7,0.23,0.9,0.99,0.75,0.59,2,5,H
2023-08-07,Scottish Premiership,Hearts,Celtic,0,2,0.16,1.74,1.28,1.57,0.44,0.37,5,5,A
2023-08-14,Scottish Premiership,Celtic,Hearts,0,0,0.1,0.75,0.04,0.4,0.65,0.33,6,5,D
2023-08-21,Scottish Premiership,Aberdeen,Hearts,2,1,4.04,0.76,0.39,0.7,0.36,1.0,4,3,H
2023-08-28,Scottish Premiership,Aberdeen,Rangers,3,2,2.81,2.14,0.99,1.06,0.39,0.81,5,2,H
2023-09-04,Scottish Premiership,Aberdeen,Hearts,0,0,0.8,0.1,1.51,0.49,0.2,0.67,5,4,D
2023-09-11,Scottish Premiership,Aberdeen,Hearts,1,0,1.95,0.1,0.06,1.23,0.26,0.45,6,7,H
2023-09-18,Scottish Premiership,Celtic,Hearts,2,0,2.18,0.1,1.73,0.6,0.72,0.15,2,4,H
2023-09-25,Scottish Premiership,Rangers,Aberdeen,0,0,0.1,0.11,1.51,1.47,0.71,0.24,2,2,D
2023-10-02,Scottish Premiership,Celtic,Aberdeen,2,1,2.83,0.85,0.43,0.23,0.39,0.81,5,4,H
2023-10-09,Scottish Premiership,Aberdeen,Celtic,0,1,0.76,0.98,1.72,0.21,0.3,0.25,5,6,A
2023-10-16,Scottish Premiership,Celtic,Rangers,1,0,2.56,0.1,0.01,1.74,0.65,0.23,5,5,H
2023-10-23,Scottish Premiership,Hearts,Aberdeen,1,0,2.38,0.85,0.6,0.31,0.7,0.13,6,7,H
2023-10-30,Scottish Premiership,Aberdeen,Celtic,2,3,2.23,3.01,1.62,1.16,0.82,0.77,3,4,A
2023-11-06,Scottish Premiership,Hearts,Celtic,2,2,3.04,1.95,1.2,1.76,0.52,0.44,4,6,D
2023-11-13,Scottish Premiership,Celtic,Aberdeen,2,2,2.69,2.27,0.95,0.43,0.38,0.03,7,4,D
2023-11-20,Scottish Premiership,Celtic,Rangers,1,1,1.16,0.8,1.0,0.06,0.57,0.34,3,3,D
2023-11-27,Scottish Premiership,Hearts,Celtic,1,1,0.61,1.24,0.52,0.3,0.5,0.03,2,2,D
2023-12-04,Scottish Premiership,Hearts,Aberdeen,1,1,1.15,0.6,1.1,1.06,0.71,0.93,6,3,D
2023-12-11,Scottish Premiership,Rangers,Hearts,2,0,2.58,0.1,0.1,0.07,0.5,0.47,7,5,H
2023-12-18,Scottish Premiership,Aberdeen,Rangers,2,2,2.74,2.18,0.06,1.43,0.12,0.4,5,4,D
2023-12-25,Scottish Premiership,Celtic,Hearts,2,1,2.62,2.26,1.21,0.56,0.11,0.67,7,7,H
2024-01-01,Scottish Premiership,Celtic,Rangers,2,0,2.59,0.71,1.77,1.76,0.82,0.84,3,4,H
2024-01-08,Scottish Premiership,Celtic,Aberdeen,2,2,2.82,0.97,1.62,0.17,0.17,0.81,3,7,D
2024-01-15,Scottish Premiership,Hearts,Rangers,1,0,0.8,0.57,1.25,1.79,0.63,0.35,3,5,H
2024-01-22,Scottish Premiership,Rangers,Celtic,0,0,0.47,1.18,1.09,1.03,0.53,0.41,2,6,D
2024-01-29,Scottish Premiership,Aberdeen,Hearts,0,1,0.1,0.62,1.01,1.15,0.07,0.58,6,7,A
2024-02-05,Scottish Premiership,Aberdeen,Hearts,1,0,1.29,1.1,1.78,1.01,0.63,0.39,4,5,H
2024-02-12,Scottish Premiership,Rangers,Celtic,0,1,0.95,1.93,1.71,1.24,0.85,0.42,2,2,A
2024-02-19,Scottish Premiership,Aberdeen,Celtic,1,0,1.6,0.1,0.54,1.15,0.54,0.49,6,5,H
2024-02-26,Scottish Premiership,Aberdeen,Celtic,0,0,1.27,0.1,0.2,0.91,0.5,0.79,3,3,D
2024-03-04,Scottish Premiership,Aberdeen,Celtic,1,1,0.24,1.43,0.5,0.31,0.75,0.34,6,4,D
2024-03-11,Scottish Premiership,Aberdeen,Hearts,0,2,0.1,2.06,1.74,0.05,0.77,0.11,5,7,A
2024-03-18,Scottish Premiership,Hearts,Celtic,0,2,0.5,1.89,0.84,0.7,0.93,0.6,7,5,A
2024-03-25,Scottish Premiership,Aberdeen,Hearts,0,1,1.55,1.74,0.14,0.67,0.85,0.31,2,4,A
2024-04-01,Scottish Premiership,Rangers,Aberdeen,2,1,1.6,1.3,1.71,0.77,0.57,0.19,4,6,H
2024-04-08,Scottish Premiership,Celtic,Aberdeen,2,3,2.84,3.1,1.8,1.33,0.03,0.6,3,4,A
2024-04-15,Scottish Premiership,Hearts,Aberdeen,2,1,1.11,1.73,1.43,0.82,0.27,0.94,4,2,H
2022-08-01,UEFA Champions League,Bayern,Man City,2,2,1.45,2.8,0.21,1.5,0.96,0.31,2,5,D
2022-08-08,UEFA Champions League,Man City,PSG,1,0,1.94,0.6,0.12,1.35,0.82,0.83,4,3,H
2022-08-15,UEFA Champions League,Real Madrid,Bayern,1,1,1.46,0.57,0.92,1.19,0.26,0.19,5,4,D
2022-08-22,UEFA Champions League,Real Madrid,Bayern,4,2,4.78,1.98,0.34,0.1,0.55,0.73,6,4,H
2022-08-29,UEFA Champions League,Real Madrid,Man City,1,0,0.97,0.17,0.73,1.6,0.03,0.19,6,5,H
2022-09-05,UEFA Champions League,Real Madrid,Man City,3,0,2.63,0.1,1.11,0.1,0.9,0.71,3,5,H
2022-09-12,UEFA Champions League,Bayern,PSG,1,1,0.1,0.66,1.18,0.54,0.91,0.67,4,6,D
2022-09-19,UEFA Champions League,Man City,Real Madrid,2,0,2.4,1.41,1.27,0.77,0.69,0.34,6,6,H
2022-09-26,UEFA Champions League,Bayern,PSG,1,2,1.68,1.92,1.29,1.12,0.73,0.01,6,2,A
2022-10-03,UEFA Champions League,PSG,Man City,1,0,1.39,0.1,1.34,1.56,0.86,0.94,6,4,H
2022-10-10,UEFA Champions League,PSG,Man City,3,1,3.72,2.31,0.78,0.15,0.82,0.33,3,6,H
2022-10-17,UEFA Champions League,PSG,Bayern,1,2,0.51,2.22,0.15,0.01,0.89,0.42,7,7,A
2022-10-24,UEFA Champions League,Real Madrid,PSG,0,1,1.23,1.8,0.83,0.93,0.4,0.94,7,4,A
2022-10-31,UEFA Champions League,Man City,Bayern,2,0,1.76,0.1,0.07,0.85,0.07,0.82,4,4,H
2022-11-07,UEFA Champions League,Real Madrid,Bayern,2,0,2.28,0.1,0.97,1.38,0.31,0.47,5,6,H
2022-11-14,UEFA Champions League,PSG,Real Madrid,1,0,0.28,0.29,0.33,0.68,0.63,0.9,2,3,H
2022-11-21,UEFA Champions League,Real Madrid,PSG,0,1,0.1,1.26,0.66,1.68,0.38,0.88,5,6,A
2022-11-28,UEFA Champions League,PSG,Man City,3,0,3.8,0.1,0.65,0.27,0.88,0.56,6,2,H
2022-12-05,UEFA Champions League,Bayern,Real Madrid,1,1,0.83,1.09,0.72,0.0,0.02,0.54,6,5,D
2022-12-12,UEFA Champions League,Bayern,PSG,1,2,1.02,1.5,0.97,0.52,0.72,0.27,4,6,A
2022-12-19,UEFA Champions League,Man City,Real Madrid,1,2,0.89,2.6,0.0,0.32,0.94,0.49,5,2,A
2022-12-26,UEFA Champions League,Real Madrid,PSG,2,1,1.77,0.69,1.64,1.19,0.43,0.18,2,6,H
2023-01-02,UEFA Champions League,Real Madrid,PSG,1,1,1.5,1.33,0.68,1.0,0.53,0.16,4,7,D
2023-01-09,UEFA Champions League,Bayern,Man City,2,0,3.05,1.32,1.53,1.62,0.91,0.27,5,5,H
2023-01-16,UEFA Champions League,Real Madrid,Bayern,1,0,1.26,0.35,1.42,0.01,0.5,0.36,4,6,H
2023-01-23,UEFA Champions League,Real Madrid,Man City,3,1,2.71,1.04,0.36,0.46,0.01,0.12,7,3,H
2023-01-30,UEFA Champions League,Man City,Real Madrid,1,1,2.01,1.42,0.58,0.07,0.91,0.06,4,3,D
2023-02-06,UEFA Champions League,Bayern,PSG,0,2,0.18,0.83,0.43,1.33,0.17,0.31,6,6,A
2023-02-13,UEFA Champions League,Man City,Real Madrid,0,1,0.28,1.73,0.23,0.69,0.08,0.63,7,7,A
2023-02-20,UEFA Champions League,Man City,Real Madrid,1,0,1.47,0.1,0.66,0.39,0.95,0.75,5,7,H
2023-02-27,UEFA Champions League,Man City,Bayern,0,0,0.81,0.9,1.48,0.74,0.27,0.25,6,7,D
2023-03-06,UEFA Champions League,PSG,Man City,1,0,1.11,0.74,1.39,1.51,0.13,0.5,5,3,H
2023-03-13,UEFA Champions League,Bayern,PSG,1,1,0.6,1.79,0.99,0.58,0.13,0.27,3,6,D
2023-03-20,UEFA Champions League,Bayern,PSG,3,1,3.92,1.99,0.16,0.28,0.96,0.94,2,4,H
2023-03-27,UEFA Champions League,Bayern,PSG,2,0,1.83,0.1,0.03,0.24,0.7,0.22,3,3,H
2023-04-03,UEFA Champions League,PSG,Man City,2,0,2.21,0.1,1.57,0.34,0.59,0.75,3,3,H
2023-04-10,UEFA Champions League,Real Madrid,Bayern,2,1,1.94,0.77,1.57,1.77,0.83,0.43,2,6,H
2023-04-17,UEFA Champions League,Real Madrid,Man City,0,0,0.1,1.95,0.9,1.21,0.1,0.4,7,7,D
2023-04-24,UEFA Champions League,Bayern,PSG,2,1,1.35,0.77,0.56,1.26,0.73,0.78,4,3,H
2023-05-01,UEFA Champions League,Real Madrid,Man City,0,0,0.1,0.33,1.37,0.26,0.21,0.13,6,4,D
2023-05-08,UEFA Champions League,Bayern,PSG,2,1,1.33,1.53,0.51,0.14,0.23,0.7,4,4,H
2023-05-15,UEFA Champions League,Bayern,Man City,1,1,1.05,1.63,0.19,0.91,0.75,0.37,2,6,D
2023-05-22,UEFA Champions League,Bayern,Man City,3,0,2.54,1.11,0.7,1.36,0.35,0.98,6,4,H
2023-05-29,UEFA Champions League,Real Madrid,Man City,1,0,1.23,0.57,1.4,0.54,0.5,0.0,6,2,H
2023-06-05,UEFA Champions League,Man City,Bayern,1,1,2.45,0.63,0.56,0.57,0.34,0.35,5,2,D
2023-06-12,UEFA Champions League,PSG,Bayern,0,1,0.1,0.85,1.3,0.77,0.15,0.91,3,2,A
2023-06-19,UEFA Champions League,PSG,Man City,2,1,1.91,2.52,0.82,1.27,0.36,0.15,4,5,H
2023-06-26,UEFA Champions League,Man City,Bayern,0,1,0.1,1.88,1.27,0.22,0.97,0.13,3,3,A
2023-07-03,UEFA Champions League,Bayern,PSG,2,1,2.03,1.92,1.49,1.02,0.58,0.55,3,3,H
2023-07-10,UEFA Champions League,Man City,Real Madrid,0,2,0.2,2.9,1.02,1.74,0.49,0.74,3,4,A
2023-07-17,UEFA Champions League,PSG,Man City,2,0,1.82,0.37,1.52,1.42,0.34,0.69,5,3,H
2023-07-24,UEFA Champions League,Real Madrid,PSG,1,1,1.8,1.57,0.61,0.25,0.18,0.4,2,4,D
2023-07-31,UEFA Champions League,PSG,Bayern,1,0,0.98,0.26,1.23,1.75,0.7,0.09,3,3,H
2023-08-07,UEFA Champions League,PSG,Real Madrid,3,1,3.44,0.1,0.77,0.75,0.35,0.65,5,7,H
2023-08-14,UEFA Champions League,Man City,Real Madrid,0,0,0.1,0.41,1.65,0.08,0.4,0.43,6,2,D
2023-08-21,UEFA Champions League,PSG,Real Madrid,2,0,1.83,0.1,0.41,1.24,0.94,0.75,5,6,H
2023-08-28,UEFA Champions League,Real Madrid,Bayern,0,1,0.21,1.86,0.33,1.32,0.04,0.82,3,3,A
2023-09-04,UEFA Champions League,Bayern,Real Madrid,1,0,0.74,1.33,0.79,0.14,0.67,0.42,2,4,H
2023-09-11,UEFA Champions League,Bayern,Real Madrid,2,2,2.3,2.74,0.81,1.67,0.59,0.43,3,6,D
2023-09-18,UEFA Champions League,PSG,Man City,2,0,2.07,0.1,1.19,0.37,0.93,0.79,3,6,H
2023-09-25,UEFA Champions League,Bayern,PSG,1,2,1.35,2.26,1.11,1.11,0.91,0.03,4,2,A
2023-10-02,UEFA Champions League,PSG,Bayern,1,0,0.4,0.36,1.12,0.87,0.54,0.21,2,7,H
2023-10-09,UEFA Champions League,Bayern,Man City,1,0,1.67,0.1,0.02,1.16,0.66,0.74,5,6,H
2023-10-16,UEFA Champions League,Real Madrid,Bayern,0,1,0.48,1.28,0.88,1.29,0.13,0.7,3,7,A
2023-10-23,UEFA Champions League,Real Madrid,Man City,2,2,1.76,1.67,1.49,1.69,0.76,0.6,2,6,D
2023-10-30,UEFA Champions League,Real Madrid,PSG,0,1,0.61,0.46,1.28,1.77,0.68,0.34,6,4,A
2023-11-06,UEFA Champions League,Bayern,Real Madrid,2,1,2.52,1.09,0.25,0.04,0.18,0.95,3,3,H
2023-11-13,UEFA Champions League,Man City,PSG,1,2,1.57,2.38,0.71,1.04,0.58,0.19,2,5,A
2023-11-20,UEFA Champions League,Man City,Real Madrid,1,0,0.96,0.1,0.05,0.41,0.56,0.89,6,6,H
2023-11-27,UEFA Champions League,Man City,Real Madrid,1,0,0.45,0.34,0.96,0.46,0.91,0.07,5,4,H
2023-12-04,UEFA Champions League,Man City,PSG,1,1,0.83,2.89,0.81,0.55,0.14,0.76,2,7,D
2023-12-11,UEFA Champions League,PSG,Man City,2,1,2.47,1.88,1.25,0.38,0.78,0.57,3,6,H
2023-12-18,UEFA Champions League,PSG,Real Madrid,1,0,2.16,0.1,1.32,1.29,0.35,0.35,6,2,H
2023-12-25,UEFA Champions League,PSG,Real Madrid,1,1,1.02,0.9,1.21,0.44,0.67,0.28,5,7,D
2024-01-01,UEFA Champions League,Real Madrid,Man City,1,1,0.81,0.91,0.53,1.12,0.41,0.59,2,7,D
2024-01-08,UEFA Champions League,Real Madrid,PSG,1,0,0.52,0.1,1.08,1.67,0.97,0.66,5,2,H
2024-01-15,UEFA Champions League,PSG,Bayern,3,1,2.83,1.12,0.94,0.63,0.76,0.34,3,3,H
2024-01-22,UEFA Champions League,Man City,PSG,1,1,1.02,1.59,1.72,0.19,0.51,0.09,7,2,D
2024-01-29,UEFA Champions League,Man City,Real Madrid,1,2,1.99,2.69,0.13,1.2,0.53,0.28,7,4,A
2024-02-05,UEFA Champions League,Man City,PSG,0,1,0.31,1.64,1.69,0.9,0.71,0.26,4,7,A
2024-02-12,UEFA Champions League,Real Madrid,PSG,0,0,0.1,0.3,1.06,0.65,0.32,0.45,6,2,D
2024-02-19,UEFA Champions League,Bayern,PSG,1,1,0.74,1.4,1.5,0.34,0.57,0.18,3,4,D
2024-02-26,UEFA Champions League,Man City,Real Madrid,0,0,0.1,0.37,0.7,0.89,0.24,0.63,2,7,D
2024-03-04,UEFA Champions League,Man City,Real Madrid,1,2,1.07,2.42,1.56,0.89,0.63,0.43,3,3,A
2024-03-11,UEFA Champions League,Man City,Bayern,2,2,1.43,1.43,0.13,1.0,0.68,0.36,4,5,D
2024-03-18,UEFA Champions League,PSG,Man City,2,0,1.59,0.75,0.41,1.28,0.67,0.45,5,4,H
2024-03-25,UEFA Champions League,Man City,Real Madrid,4,1,3.21,1.77,0.69,0.62,0.74,0.56,5,4,H
2024-04-01,UEFA Champions League,PSG,Man City,1,0,1.34,0.1,1.05,0.2,0.43,0.36,4,2,H
2024-04-08,UEFA Champions League,Man City,Real Madrid,0,1,0.1,1.16,1.26,0.06,0.48,0.0,4,7,A
2024-04-15,UEFA Champions League,PSG,Bayern,2,0,2.26,0.1,1.56,0.36,0.08,0.26,6,3,H
